item_id,item_name,sku,opening_stock,quantity_in,quantity_out,closing_stock,purchase_account_name,sku
2968232000000087034,Boys Bottoms 0-3 months,BOY-BOT-000M,86.00,0.00,0.00,86.00,Cost of Goods Sold,BOY-BOT-000M
2968232000000087045,Boys Bottoms 3-6 months,BOY-BOT-003M,306.00,0.00,7.00,299.00,Cost of Goods Sold,BOY-BOT-003M
2968232000000087056,Boys Bottoms 6-9 months,BOY-BOT-006M,272.00,0.00,0.00,272.00,Cost of Goods Sold,BOY-BOT-006M
2968232000000087067,Boys Bottoms 9-12 months,BOY-BOT-009M,173.00,0.00,5.00,168.00,Cost of Goods Sold,BOY-BOT-009M
2968232000000087078,Boys Bottoms 12 months,BOY-BOT-012M,354.00,0.00,0.00,354.00,Cost of Goods Sold,BOY-BOT-012M
2968232000000087089,Boys Bottoms 18 months,BOY-BOT-018M,423.00,0.00,0.00,423.00,Cost of Goods Sold,BOY-BOT-018M
2968232000000087100,Boys Bottoms 24 months/2T,BOY-BOT-02T,255.00,0.00,0.00,255.00,Cost of Goods Sold,BOY-BOT-02T
2968232000000087111,Boys Bottoms 3T,BOY-BOT-03T,216.00,0.00,2.00,214.00,Cost of Goods Sold,BOY-BOT-03T
2968232000000087122,Boys Bottoms 4T,BOY-BOT-04T,280.00,0.00,6.00,274.00,Cost of Goods Sold,BOY-BOT-04T
2968232000000087133,Boys Bottoms 5 Slim,BOY-BOT-05S,0.00,0.00,0.00,0.00,Cost of Goods Sold,BOY-BOT-05S
2968232000000087144,Boys Bottoms 5,BOY-BOT-05,10.00,3.00,7.00,6.00,Cost of Goods Sold,BOY-BOT-05
2968232000000087155,Boys Bottoms 5 Husky,BOY-BOT-05H,0.00,0.00,0.00,0.00,Cost of Goods Sold,BOY-BOT-05H
2968232000000087166,Boys Bottoms 6 Slim,BOY-BOT-06S,-5.00,0.00,0.00,-5.00,Cost of Goods Sold,BOY-BOT-06S
2968232000000087177,Boys Bottoms 6,BOY-BOT-06,67.00,2.00,1.00,68.00,Cost of Goods Sold,BOY-BOT-06
2968232000000087188,Boys Bottoms 6 Husky,BOY-BOT-06H,0.00,0.00,0.00,0.00,Cost of Goods Sold,BOY-BOT-06H
2968232000000087199,Boys Bottoms 7 (Small) Slim,BOY-BOT-07S,-2.00,0.00,0.00,-2.00,Cost of Goods Sold,BOY-BOT-07S
2968232000000087210,Boys Bottoms 7 (Small),BOY-BOT-07,53.00,6.00,5.00,54.00,Cost of Goods Sold,BOY-BOT-07
2968232000000087221,Boys Bottoms 7 Husky,BOY-BOT-07H,0.00,0.00,0.00,0.00,Cost of Goods Sold,BOY-BOT-07H
2968232000000087232,Boys Bottoms 8 (Small) Slim,BOY-BOT-08S,-3.00,0.00,1.00,-4.00,Cost of Goods Sold,BOY-BOT-08S
2968232000000087243,Boys Bottoms 8 (Small),BOY-BOT-08,13.00,7.00,15.00,5.00,Cost of Goods Sold,BOY-BOT-08
2968232000000087254,Boys Bottoms 8 Husky,BOY-BOT-08H,0.00,0.00,0.00,0.00,Cost of Goods Sold,BOY-BOT-08H
2968232000000087265,Boys Bottoms 10 (Med) Slim,BOY-BOT-10S,-14.00,0.00,3.00,-17.00,Cost of Goods Sold,BOY-BOT-10S
2968232000000087276,Boys Bottoms 10 (Med),BOY-BOT-10,139.00,15.00,3.00,151.00,Cost of Goods Sold,BOY-BOT-10
2968232000000087287,Boys Bottoms 10 Husky,BOY-BOT-10H,17.00,0.00,13.00,4.00,Cost of Goods Sold,BOY-BOT-10H
2968232000000087298,Boys Bottoms 12 (Med) Slim,BOY-BOT-12S,9.00,0.00,0.00,9.00,Cost of Goods Sold,BOY-BOT-12S
2968232000000087309,Boys Bottoms 12 (Med),BOY-BOT-12,1.00,10.00,17.00,-6.00,Cost of Goods Sold,BOY-BOT-12
2968232000000087320,Boys Bottoms 12 Husky,BOY-BOT-12H,-5.00,9.00,4.00,0.00,Cost of Goods Sold,BOY-BOT-12H
2968232000000087331,Boys Bottoms 14 (Large) Slim,BOY-BOT-14S,-8.00,0.00,0.00,-8.00,Cost of Goods Sold,BOY-BOT-14S
2968232000000087342,Boys Bottoms 14 (Large),BOY-BOT-14,145.00,15.00,10.00,150.00,Cost of Goods Sold,BOY-BOT-14
2968232000000087353,Boys Bottoms 14 Husky,BOY-BOT-14H,5.00,0.00,9.00,-4.00,Cost of Goods Sold,BOY-BOT-14H
2968232000000087364,Boys Bottoms 16 (Large) Slim,BOY-BOT-16S,-8.00,0.00,0.00,-8.00,Cost of Goods Sold,BOY-BOT-16S
2968232000000087375,Boys Bottoms 16 (Large),BOY-BOT-16,1.00,0.00,5.00,-4.00,Cost of Goods Sold,BOY-BOT-16
2968232000000087386,Boys Bottoms 16 Husky,BOY-BOT-16H,-8.00,0.00,0.00,-8.00,Cost of Goods Sold,BOY-BOT-16H
2968232000000087397,Boys Bottoms 18 (XL) Slim,BOY-BOT-18S,1.00,0.00,0.00,1.00,Cost of Goods Sold,BOY-BOT-18S
2968232000000087408,Boys Bottoms 18 (XL),BOY-BOT-18,10.00,4.00,7.00,7.00,Cost of Goods Sold,BOY-BOT-18
2968232000000087419,Boys Bottoms 18 Husky,BOY-BOT-18H,-5.00,0.00,0.00,-5.00,Cost of Goods Sold,BOY-BOT-18H
2968232000000087430,Boys Bottoms 20 (XL) Slim,BOY-BOT-20S,0.00,0.00,0.00,0.00,Cost of Goods Sold,BOY-BOT-20S
2968232000000087441,Boys Bottoms 20 (XL),BOY-BOT-20,1.00,0.00,0.00,1.00,Cost of Goods Sold,BOY-BOT-20
2968232000000087452,Boys Bottoms 20 (XL) Husky,BOY-BOT-20H,0.00,0.00,0.00,0.00,Cost of Goods Sold,BOY-BOT-20H
2968232000000087463,Boys Tops 0-3 months,BOY-TOP-000M,123.00,0.00,0.00,123.00,Cost of Goods Sold,BOY-TOP-000M
2968232000000087474,Boys Tops 3-6 months,BOY-TOP-003M,433.00,0.00,9.00,424.00,Cost of Goods Sold,BOY-TOP-003M
2968232000000087485,Boys Tops 6-9 months,BOY-TOP-006M,380.00,0.00,0.00,380.00,Cost of Goods Sold,BOY-TOP-006M
2968232000000087496,Boys Tops 9-12 months,BOY-TOP-009M,261.00,0.00,6.00,255.00,Cost of Goods Sold,BOY-TOP-009M
2968232000000087507,Boys Tops 12 months,BOY-TOP-012M,290.00,0.00,0.00,290.00,Cost of Goods Sold,BOY-TOP-012M
2968232000000087518,Boys Tops 18 months,BOY-TOP-018M,335.00,0.00,0.00,335.00,Cost of Goods Sold,BOY-TOP-018M
2968232000000087529,Boys Tops 24 months/2T,BOY-TOP-02T,164.00,0.00,0.00,164.00,Cost of Goods Sold,BOY-TOP-02T
2968232000000087540,Boys Tops 3T,BOY-TOP-03T,280.00,0.00,2.00,278.00,Cost of Goods Sold,BOY-TOP-03T
2968232000000087551,Boys Tops 4T,BOY-TOP-04T,524.00,0.00,9.00,515.00,Cost of Goods Sold,BOY-TOP-04T
2968232000000087562,Boys Tops 5T/5,BOY-TOP-05T,161.00,4.00,21.00,144.00,Cost of Goods Sold,BOY-TOP-05T
2968232000000087573,Boys Tops 6,BOY-TOP-06,532.00,8.00,35.00,505.00,Cost of Goods Sold,BOY-TOP-06
2968232000000087584,Boys Tops 7 (Small),BOY-TOP-07,89.00,4.00,8.00,85.00,Cost of Goods Sold,BOY-TOP-07
2968232000000087595,Boys Tops 8 (Small),BOY-TOP-08,49.00,10.00,21.00,38.00,Cost of Goods Sold,BOY-TOP-08
2968232000000087606,Boys Tops 10 (Med),BOY-TOP-10,297.00,16.00,38.00,275.00,Cost of Goods Sold,BOY-TOP-10
2968232000000087617,Boys Tops 12 (Med),BOY-TOP-12,-14.00,43.00,26.00,3.00,Cost of Goods Sold,BOY-TOP-12
2968232000000087628,Boys Tops 14 (Large),BOY-TOP-14,196.00,12.00,63.00,145.00,Cost of Goods Sold,BOY-TOP-14
2968232000000087639,Boys Tops 16 (Large),BOY-TOP-16,1.00,13.00,12.00,2.00,Cost of Goods Sold,BOY-TOP-16
2968232000000087650,Boys Tops 18 (XL),BOY-TOP-18,18.00,6.00,10.00,14.00,Cost of Goods Sold,BOY-TOP-18
2968232000000087661,Boys Tops 20 (XL),BOY-TOP-20,0.00,1.00,0.00,1.00,Cost of Goods Sold,BOY-TOP-20
2968232000000087672,Boys Shoes Infant 1,BOY-SHO-INF1,8.00,2.00,1.00,9.00,Cost of Goods Sold,BOY-SHO-INF1
2968232000000087683,Boys Shoes Infant 2,BOY-SHO-INF2,28.00,8.00,8.00,28.00,Cost of Goods Sold,BOY-SHO-INF2
2968232000000087694,Boys Shoes Infant 3,BOY-SHO-INF3,33.00,0.00,1.00,32.00,Cost of Goods Sold,BOY-SHO-INF3
2968232000000087705,Boys Shoes Infant 4,BOY-SHO-INF4,12.00,3.00,0.00,15.00,Cost of Goods Sold,BOY-SHO-INF4
2968232000000087716,Boys Shoes Toddler 5,BOY-SHO-TOD05,25.00,1.00,2.00,24.00,Cost of Goods Sold,BOY-SHO-TOD05
2968232000000087727,Boys Shoes Toddler 5.5,BOY-SHO-TOD05.5,1.00,0.00,0.00,1.00,Cost of Goods Sold,BOY-SHO-TOD05.5
2968232000000087738,Boys Shoes Toddler 6,BOY-SHO-TOD06,11.00,1.00,0.00,12.00,Cost of Goods Sold,BOY-SHO-TOD06
2968232000000087749,Boys Shoes Toddler 6.5,BOY-SHO-TOD06.5,0.00,0.00,0.00,0.00,Cost of Goods Sold,BOY-SHO-TOD06.5
2968232000000087760,Boys Shoes Toddler 7,BOY-SHO-TOD07,9.00,5.00,0.00,14.00,Cost of Goods Sold,BOY-SHO-TOD07
2968232000000087771,Boys Shoes Toddler 7.5,BOY-SHO-TOD07.5,1.00,3.00,2.00,2.00,Cost of Goods Sold,BOY-SHO-TOD07.5
2968232000000087782,Boys Shoes Toddler 8,BOY-SHO-TOD08,12.00,3.00,0.00,15.00,Cost of Goods Sold,BOY-SHO-TOD08
2968232000000087793,Boys Shoes Toddler 8.5,BOY-SHO-TOD08.5,1.00,0.00,1.00,0.00,Cost of Goods Sold,BOY-SHO-TOD08.5
2968232000000087804,Boys Shoes Toddler 9,BOY-SHO-TOD09,11.00,0.00,2.00,9.00,Cost of Goods Sold,BOY-SHO-TOD09
2968232000000087815,Boys Shoes Toddler 9.5,BOY-SHO-TOD09.5,1.00,0.00,0.00,1.00,Cost of Goods Sold,BOY-SHO-TOD09.5
2968232000000087826,Boys Shoes Toddler 10,BOY-SHO-TOD10,14.00,0.00,6.00,8.00,Cost of Goods Sold,BOY-SHO-TOD10
2968232000000087837,Boys Shoes Toddler 10.5,BOY-SHO-TOD10.5,1.00,0.00,0.00,1.00,Cost of Goods Sold,BOY-SHO-TOD10.5
2968232000000087848,Boys Shoes Toddler 11,BOY-SHO-TOD11,5.00,1.00,0.00,6.00,Cost of Goods Sold,BOY-SHO-TOD11
2968232000000087859,Boys Shoes Toddler 11.5,BOY-SHO-TOD11.5,11.00,0.00,0.00,11.00,Cost of Goods Sold,BOY-SHO-TOD11.5
2968232000000087870,Boys Shoes Toddler 12,BOY-SHO-TOD12,11.00,4.00,1.00,14.00,Cost of Goods Sold,BOY-SHO-TOD12
2968232000000087881,Boys Shoes Toddler 12.5,BOY-SHO-TOD12.5,-1.00,1.00,0.00,0.00,Cost of Goods Sold,BOY-SHO-TOD12.5
2968232000000087892,Boys Shoes Toddler 13,BOY-SHO-TOD13,5.00,3.00,3.00,5.00,Cost of Goods Sold,BOY-SHO-TOD13
2968232000000087903,Boys Shoes Toddler 13.5,BOY-SHO-TOD13.5,12.00,0.00,1.00,11.00,Cost of Goods Sold,BOY-SHO-TOD13.5
2968232000000087914,Boys Shoes Boys 1,BOY-SHO-1,60.00,4.00,3.00,61.00,Cost of Goods Sold,BOY-SHO-1
2968232000000087925,Boys Shoes Boys 1.5,BOY-SHO-1.5,8.00,0.00,0.00,8.00,Cost of Goods Sold,BOY-SHO-1.5
2968232000000087936,Boys Shoes Boys 2,BOY-SHO-2,3.00,10.00,6.00,7.00,Cost of Goods Sold,BOY-SHO-2
2968232000000087947,Boys Shoes Boys 2.5,BOY-SHO-2.5,5.00,0.00,0.00,5.00,Cost of Goods Sold,BOY-SHO-2.5
2968232000000087958,Boys Shoes Boys 3,BOY-SHO-3,57.00,2.00,3.00,56.00,Cost of Goods Sold,BOY-SHO-3
2968232000000087969,Boys Shoes Boys 3.5,BOY-SHO-3.5,5.00,1.00,0.00,6.00,Cost of Goods Sold,BOY-SHO-3.5
2968232000000087980,Boys Shoes Boys 4,BOY-SHO-4,23.00,6.00,0.00,29.00,Cost of Goods Sold,BOY-SHO-4
2968232000000087991,Boys Shoes Boys 4.5,BOY-SHO-4.5,13.00,1.00,1.00,13.00,Cost of Goods Sold,BOY-SHO-4.5
2968232000000088002,Boys Shoes Boys 5,BOY-SHO-5,7.00,4.00,2.00,9.00,Cost of Goods Sold,BOY-SHO-5
2968232000000088013,Boys Shoes Boys 5.5,BOY-SHO-5.5,9.00,0.00,1.00,8.00,Cost of Goods Sold,BOY-SHO-5.5
2968232000000088024,Boys Shoes Boys 6,BOY-SHO-6,21.00,4.00,4.00,21.00,Cost of Goods Sold,BOY-SHO-6
2968232000000088035,Boys Shoes Boys 6.5,BOY-SHO-6.5,20.00,2.00,3.00,19.00,Cost of Goods Sold,BOY-SHO-6.5
2968232000000088046,Boys Shoes Boys 7,BOY-SHO-7,-1.00,4.00,2.00,1.00,Cost of Goods Sold,BOY-SHO-7
2968232000000088057,Boys Shoes Boys 7.5,BOY-SHO-7.5,0.00,1.00,1.00,0.00,Cost of Goods Sold,BOY-SHO-7.5
2968232000000088068,Boys Socks Infant 1,BOY-SOC-INF1,-21.00,0.00,0.00,-21.00,Cost of Goods Sold,BOY-SOC-INF1
2968232000000088090,Boys Socks Infant 3,BOY-SOC-INF3,-16.00,0.00,0.00,-16.00,Cost of Goods Sold,BOY-SOC-INF3
2968232000000088112,Boys Socks Toddler 5,BOY-SOC-TOD05,-6.00,0.00,0.00,-6.00,Cost of Goods Sold,BOY-SOC-TOD05
2968232000000088123,Boys Socks Toddler 5.5,BOY-SOC-TOD05.5,-5.00,0.00,0.00,-5.00,Cost of Goods Sold,BOY-SOC-TOD05.5
2968232000000088134,Boys Socks Toddler 6,BOY-SOC-TOD06,-15.00,0.00,0.00,-15.00,Cost of Goods Sold,BOY-SOC-TOD06
2968232000000088145,Boys Socks Toddler 6.5,BOY-SOC-TOD06.5,-5.00,0.00,0.00,-5.00,Cost of Goods Sold,BOY-SOC-TOD06.5
2968232000000088156,Boys Socks Toddler 7,BOY-SOC-TOD07,-20.00,0.00,0.00,-20.00,Cost of Goods Sold,BOY-SOC-TOD07
2968232000000088178,Boys Socks Toddler 8,BOY-SOC-TOD08,-3.00,0.00,0.00,-3.00,Cost of Goods Sold,BOY-SOC-TOD08
2968232000000088200,Boys Socks Toddler 9,BOY-SOC-TOD09,-5.00,0.00,0.00,-5.00,Cost of Goods Sold,BOY-SOC-TOD09
2968232000000088211,Boys Socks Toddler 9.5,BOY-SOC-TOD09.5,-5.00,0.00,0.00,-5.00,Cost of Goods Sold,BOY-SOC-TOD09.5
2968232000000088222,Boys Socks Toddler 10,BOY-SOC-TOD10,-15.00,0.00,0.00,-15.00,Cost of Goods Sold,BOY-SOC-TOD10
2968232000000088244,Boys Socks Toddler 11,BOY-SOC-TOD11,-21.00,0.00,0.00,-21.00,Cost of Goods Sold,BOY-SOC-TOD11
2968232000000088266,Boys Socks Toddler 12,BOY-SOC-TOD12,-9.00,0.00,0.00,-9.00,Cost of Goods Sold,BOY-SOC-TOD12
2968232000000088288,Boys Socks Toddler 13,BOY-SOC-TOD13,-30.00,0.00,0.00,-30.00,Cost of Goods Sold,BOY-SOC-TOD13
2968232000000088321,Boys Socks Boys 1.5,BOY-SOC-1.5,-10.00,0.00,0.00,-10.00,Cost of Goods Sold,BOY-SOC-1.5
2968232000000088332,Boys Socks Boys 2,BOY-SOC-2,-29.00,0.00,0.00,-29.00,Cost of Goods Sold,BOY-SOC-2
2968232000000088354,Boys Socks Boys 3,BOY-SOC-3,-40.00,0.00,0.00,-40.00,Cost of Goods Sold,BOY-SOC-3
2968232000000088365,Boys Socks Boys 3.5,BOY-SOC-3.5,-10.00,0.00,0.00,-10.00,Cost of Goods Sold,BOY-SOC-3.5
2968232000000088376,Boys Socks Boys 4,BOY-SOC-4,-5.00,0.00,0.00,-5.00,Cost of Goods Sold,BOY-SOC-4
2968232000000088387,Boys Socks Boys 4.5,BOY-SOC-4.5,-20.00,0.00,0.00,-20.00,Cost of Goods Sold,BOY-SOC-4.5
2968232000000088398,Boys Socks Boys 5,BOY-SOC-5,-15.00,0.00,0.00,-15.00,Cost of Goods Sold,BOY-SOC-5
2968232000000088409,Boys Socks Boys 5.5,BOY-SOC-5.5,-15.00,0.00,0.00,-15.00,Cost of Goods Sold,BOY-SOC-5.5
2968232000000088431,Boys Socks Boys 6.5,BOY-SOC-6.5,-5.00,0.00,0.00,-5.00,Cost of Goods Sold,BOY-SOC-6.5
2968232000000088442,Boys Socks Boys 7,BOY-SOC-7,-30.00,0.00,0.00,-30.00,Cost of Goods Sold,BOY-SOC-7
2968232000000088453,Boys Socks Boys 7.5,BOY-SOC-7.5,-11.00,0.00,0.00,-11.00,Cost of Goods Sold,BOY-SOC-7.5
2968232000000088464,Boys Underwear 24 months/2T,BOY-UND-02T,-18.00,0.00,0.00,-18.00,Cost of Goods Sold,BOY-UND-02T
2968232000000088475,Boys Underwear 3T,BOY-UND-03T,-25.00,0.00,1.00,-26.00,Cost of Goods Sold,BOY-UND-03T
2968232000000088486,Boys Underwear 4T,BOY-UND-04T,4.00,0.00,15.00,-11.00,Cost of Goods Sold,BOY-UND-04T
2968232000000088497,Boys Underwear 5/6,BOY-UND-05T,-40.00,0.00,5.00,-45.00,Cost of Goods Sold,BOY-UND-05T
2968232000000088508,Boys Underwear 6/8,BOY-UND-6/8,144.00,0.00,5.00,139.00,Cost of Goods Sold,BOY-UND-6/8
2968232000000088519,Boys Underwear 7 (Small),BOY-UND-07,6.00,0.00,0.00,6.00,Cost of Goods Sold,BOY-UND-07
2968232000000088530,Boys Underwear 8 (Small),BOY-UND-08,-51.00,0.00,26.00,-77.00,Cost of Goods Sold,BOY-UND-08
2968232000000088541,Boys Underwear 10-12 (Med),BOY-UND-10,-210.00,0.00,41.00,-251.00,Cost of Goods Sold,BOY-UND-10
2968232000000088552,Boys Underwear 12-14 (Med),BOY-UND-12,-65.00,0.00,10.00,-75.00,Cost of Goods Sold,BOY-UND-12
2968232000000088563,Boys Underwear 14-16 (Large),BOY-UND-14,14.00,0.00,36.00,-22.00,Cost of Goods Sold,BOY-UND-14
2968232000000088574,Boys Underwear 16 (Large),BOY-UND-16,-45.00,0.00,5.00,-50.00,Cost of Goods Sold,BOY-UND-16
2968232000000088585,Boys Underwear 18-20 (XL),BOY-UND-18,-76.00,0.00,15.00,-91.00,Cost of Goods Sold,BOY-UND-18
2968232000000088596,Boys Underwear 20 (XL),BOY-UND-20,0.00,0.00,0.00,0.00,Cost of Goods Sold,BOY-UND-20
2968232000000088607,Boys Tops-Jacket 0-3 months,BOY-JKT-000M,5.00,0.00,0.00,5.00,Cost of Goods Sold,BOY-JKT-000M
2968232000000088618,Boys Tops-Jacket 3-6 months,BOY-JKT-003M,3.00,0.00,1.00,2.00,Cost of Goods Sold,BOY-JKT-003M
2968232000000088629,Boys Tops-Jacket 6-9 months,BOY-JKT-006M,-1.00,39.00,0.00,38.00,Cost of Goods Sold,BOY-JKT-006M
2968232000000088640,Boys Tops-Jacket 9-12 months,BOY-JKT-009M,2.00,0.00,2.00,0.00,Cost of Goods Sold,BOY-JKT-009M
2968232000000088651,Boys Tops-Jacket 12 months,BOY-JKT-012M,43.00,0.00,0.00,43.00,Cost of Goods Sold,BOY-JKT-012M
2968232000000088662,Boys Tops-Jacket 18 months,BOY-JKT-018M,0.00,0.00,0.00,0.00,Cost of Goods Sold,BOY-JKT-018M
2968232000000088673,Boys Tops-Jacket 24 months/2T,BOY-JKT-02T,27.00,0.00,0.00,27.00,Cost of Goods Sold,BOY-JKT-02T
2968232000000088684,Boys Tops-Jacket 3T,BOY-JKT-03T,-1.00,41.00,0.00,40.00,Cost of Goods Sold,BOY-JKT-03T
2968232000000088695,Boys Tops-Jacket 4T,BOY-JKT-04T,4.00,0.00,3.00,1.00,Cost of Goods Sold,BOY-JKT-04T
2968232000000088706,Boys Tops-Jacket 5T/5,BOY-JKT-05T,31.00,1.00,4.00,28.00,Cost of Goods Sold,BOY-JKT-05T
2968232000000088717,Boys Tops-Jacket 6,BOY-JKT-06,41.00,3.00,0.00,44.00,Cost of Goods Sold,BOY-JKT-06
2968232000000088728,Boys Tops-Jacket 7 (Small),BOY-JKT-07,12.00,1.00,1.00,12.00,Cost of Goods Sold,BOY-JKT-07
2968232000000088739,Boys Tops-Jacket 8 (Small),BOY-JKT-08,1.00,12.00,4.00,9.00,Cost of Goods Sold,BOY-JKT-08
2968232000000088750,Boys Tops-Jacket 10 (Med),BOY-JKT-10,2.00,0.00,2.00,0.00,Cost of Goods Sold,BOY-JKT-10
2968232000000088761,Boys Tops-Jacket 12 (Med),BOY-JKT-12,-3.00,7.00,3.00,1.00,Cost of Goods Sold,BOY-JKT-12
2968232000000088772,Boys Tops-Jacket 14 (Large),BOY-JKT-14,18.00,0.00,10.00,8.00,Cost of Goods Sold,BOY-JKT-14
2968232000000088783,Boys Tops-Jacket 16 (Large),BOY-JKT-16,0.00,1.00,0.00,1.00,Cost of Goods Sold,BOY-JKT-16
2968232000000088794,Boys Tops-Jacket 18 (XL),BOY-JKT-18,3.00,4.00,1.00,6.00,Cost of Goods Sold,BOY-JKT-18
2968232000000088805,Boys Tops-Jacket 20 (XL),BOY-JKT-20,0.00,0.00,0.00,0.00,Cost of Goods Sold,BOY-JKT-20
2968232000000088816,Boys Coats 0-3 months,BOY-COT-000M,0.00,0.00,0.00,0.00,Cost of Goods Sold,BOY-COT-000M
2968232000000088827,Boys Coats 3-6 months,BOY-COT-003M,0.00,0.00,0.00,0.00,Cost of Goods Sold,BOY-COT-003M
2968232000000088838,Boys Coats 6-9 months,BOY-COT-006M,0.00,0.00,0.00,0.00,Cost of Goods Sold,BOY-COT-006M
2968232000000088849,Boys Coats 9-12 months,BOY-COT-009M,0.00,0.00,0.00,0.00,Cost of Goods Sold,BOY-COT-009M
2968232000000088860,Boys Coats 12 months,BOY-COT-012M,6.00,0.00,0.00,6.00,Cost of Goods Sold,BOY-COT-012M
2968232000000088871,Boys Coats 18 months,BOY-COT-018M,14.00,0.00,0.00,14.00,Cost of Goods Sold,BOY-COT-018M
2968232000000088882,Boys Coats 24 months/2T,BOY-COT-02T,28.00,0.00,0.00,28.00,Cost of Goods Sold,BOY-COT-02T
2968232000000088893,Boys Coats 3T,BOY-COT-03T,21.00,0.00,0.00,21.00,Cost of Goods Sold,BOY-COT-03T
2968232000000088904,Boys Coats 4T,BOY-COT-04T,55.00,0.00,0.00,55.00,Cost of Goods Sold,BOY-COT-04T
2968232000000088915,Boys Coats 5T/5,BOY-COT-05T,44.00,1.00,0.00,45.00,Cost of Goods Sold,BOY-COT-05T
2968232000000088926,Boys Coats 6,BOY-COT-06,9.00,0.00,0.00,9.00,Cost of Goods Sold,BOY-COT-06
2968232000000088937,Boys Coats 7 (Small),BOY-COT-07,49.00,2.00,0.00,51.00,Cost of Goods Sold,BOY-COT-07
2968232000000088948,Boys Coats 8 (Small),BOY-COT-08,16.00,0.00,0.00,16.00,Cost of Goods Sold,BOY-COT-08
2968232000000088959,Boys Coats 10 (Med),BOY-COT-10,4.00,3.00,1.00,6.00,Cost of Goods Sold,BOY-COT-10
2968232000000088970,Boys Coats 12 (Med),BOY-COT-12,1.00,0.00,1.00,0.00,Cost of Goods Sold,BOY-COT-12
2968232000000088981,Boys Coats 14 (Large),BOY-COT-14,21.00,0.00,2.00,19.00,Cost of Goods Sold,BOY-COT-14
2968232000000088992,Boys Coats 16 (Large),BOY-COT-16,0.00,1.00,1.00,0.00,Cost of Goods Sold,BOY-COT-16
2968232000000089003,Boys Coats 18 (XL),BOY-COT-18,1.00,0.00,0.00,1.00,Cost of Goods Sold,BOY-COT-18
2968232000000089014,Boys Coats 20 (XL),BOY-COT-20,2.00,0.00,0.00,2.00,Cost of Goods Sold,BOY-COT-20
2968232000000089025,Girls Bottoms 0-3 months,GRL-BOT-000M,136.00,0.00,0.00,136.00,Cost of Goods Sold,GRL-BOT-000M
2968232000000089036,Girls Bottoms 3-6 months,GRL-BOT-003M,295.00,0.00,4.00,291.00,Cost of Goods Sold,GRL-BOT-003M
2968232000000089047,Girls Bottoms 6-9 months,GRL-BOT-006M,296.00,0.00,0.00,296.00,Cost of Goods Sold,GRL-BOT-006M
2968232000000089058,Girls Bottoms 9-12 months,GRL-BOT-009M,194.00,0.00,0.00,194.00,Cost of Goods Sold,GRL-BOT-009M
2968232000000089069,Girls Bottoms 12 months,GRL-BOT-012M,363.00,0.00,0.00,363.00,Cost of Goods Sold,GRL-BOT-012M
2968232000000089080,Girls Bottoms 18 months,GRL-BOT-018M,358.00,0.00,5.00,353.00,Cost of Goods Sold,GRL-BOT-018M
2968232000000089091,Girls Bottoms 24 months/2T,GRL-BOT-02T,316.00,0.00,3.00,313.00,Cost of Goods Sold,GRL-BOT-02T
2968232000000089102,Girls Bottoms 3T,GRL-BOT-03T,323.00,0.00,8.00,315.00,Cost of Goods Sold,GRL-BOT-03T
2968232000000089113,Girls Bottoms 4T,GRL-BOT-04T,498.00,0.00,0.00,498.00,Cost of Goods Sold,GRL-BOT-04T
2968232000000089124,Girls Bottoms 5T/5 Slim,GRL-BOT-05TS,-1.00,0.00,5.00,-6.00,Cost of Goods Sold,GRL-BOT-05TS
2968232000000089135,Girls Bottoms 5T/5,GRL-BOT-05T,101.00,9.00,11.00,99.00,Cost of Goods Sold,GRL-BOT-05T
2968232000000089146,Girls Bottoms 5T/5 Plus,GRL-BOT-05TP,10.00,0.00,0.00,10.00,Cost of Goods Sold,GRL-BOT-05TP
2968232000000089157,Girls Bottoms 6 Slim,GRL-BOT-06S,-4.00,0.00,0.00,-4.00,Cost of Goods Sold,GRL-BOT-06S
2968232000000089168,Girls Bottoms 6,GRL-BOT-06,323.00,4.00,11.00,316.00,Cost of Goods Sold,GRL-BOT-06
2968232000000089179,Girls Bottoms 6 Plus,GRL-BOT-06P,-5.00,0.00,0.00,-5.00,Cost of Goods Sold,GRL-BOT-06P
2968232000000089190,Girls Bottoms 7 (Small) Slim,GRL-BOT-07S,0.00,0.00,0.00,0.00,Cost of Goods Sold,GRL-BOT-07S
2968232000000089201,Girls Bottoms 7 (Small),GRL-BOT-07,459.00,6.00,11.00,454.00,Cost of Goods Sold,GRL-BOT-07
2968232000000089212,Girls Bottoms 7 (Small) Plus,GRL-BOT-07P,0.00,0.00,0.00,0.00,Cost of Goods Sold,GRL-BOT-07P
2968232000000089223,Girls Bottoms 8 (Small) Slim,GRL-BOT-08S,-3.00,0.00,0.00,-3.00,Cost of Goods Sold,GRL-BOT-08S
2968232000000089234,Girls Bottoms 8 (Small),GRL-BOT-08,87.00,4.00,11.00,80.00,Cost of Goods Sold,GRL-BOT-08
2968232000000089245,Girls Bottoms 8 (Small) Plus,GRL-BOT-08P,-5.00,0.00,0.00,-5.00,Cost of Goods Sold,GRL-BOT-08P
2968232000000089256,Girls Bottoms 10 (Med) Slim,GRL-BOT-10S,-11.00,0.00,7.00,-18.00,Cost of Goods Sold,GRL-BOT-10S
2968232000000089267,Girls Bottoms 10 (Med),GRL-BOT-10,666.00,10.00,9.00,667.00,Cost of Goods Sold,GRL-BOT-10
2968232000000089278,Girls Bottoms 10 (Med) Plus,GRL-BOT-10P,0.00,0.00,0.00,0.00,Cost of Goods Sold,GRL-BOT-10P
2968232000000089289,Girls Bottoms 12 (Med) Slim,GRL-BOT-12S,-8.00,0.00,0.00,-8.00,Cost of Goods Sold,GRL-BOT-12S
2968232000000089300,Girls Bottoms 12 (Med),GRL-BOT-12,5.00,39.00,15.00,29.00,Cost of Goods Sold,GRL-BOT-12
2968232000000089311,Girls Bottoms 12 (Med) Plus,GRL-BOT-12P,38.00,0.00,0.00,38.00,Cost of Goods Sold,GRL-BOT-12P
2968232000000089322,Girls Bottoms 14 (Large) Slim,GRL-BOT-14S,-28.00,0.00,0.00,-28.00,Cost of Goods Sold,GRL-BOT-14S
2968232000000089333,Girls Bottoms 14 (Large),GRL-BOT-14,371.00,10.00,10.00,371.00,Cost of Goods Sold,GRL-BOT-14
2968232000000089344,Girls Bottoms 14 (Large) Plus,GRL-BOT-14P,-4.00,0.00,3.00,-7.00,Cost of Goods Sold,GRL-BOT-14P
2968232000000089355,Girls Bottoms 16 (Large) Slim,GRL-BOT-16S,0.00,0.00,0.00,0.00,Cost of Goods Sold,GRL-BOT-16S
2968232000000089366,Girls Bottoms 16 (Large),GRL-BOT-16,18.00,2.00,4.00,16.00,Cost of Goods Sold,GRL-BOT-16
2968232000000089377,Girls Bottoms 16 (Large) Plus,GRL-BOT-16P,0.00,0.00,0.00,0.00,Cost of Goods Sold,GRL-BOT-16P
2968232000000089388,Girls Bottoms 18 (XL) Slim,GRL-BOT-18S,0.00,0.00,0.00,0.00,Cost of Goods Sold,GRL-BOT-18S
2968232000000089399,Girls Bottoms 18 (XL),GRL-BOT-18,22.00,0.00,4.00,18.00,Cost of Goods Sold,GRL-BOT-18
2968232000000089410,Girls Bottoms 18 (XL) Plus,GRL-BOT-18P,-9.00,9.00,0.00,0.00,Cost of Goods Sold,GRL-BOT-18P
2968232000000089421,Girls Bottoms 20 (XL) Slim,GRL-BOT-20S,0.00,0.00,0.00,0.00,Cost of Goods Sold,GRL-BOT-20S
2968232000000089432,Girls Bottoms 20 (XL),GRL-BOT-20,0.00,0.00,0.00,0.00,Cost of Goods Sold,GRL-BOT-20
2968232000000089443,Girls Bottoms 20 (XL) Plus,GRL-BOT-20P,0.00,0.00,0.00,0.00,Cost of Goods Sold,GRL-BOT-20P
2968232000000089454,Girls Tops 0-3 months,GRL-TOP-000M,168.00,0.00,0.00,168.00,Cost of Goods Sold,GRL-TOP-000M
2968232000000089465,Girls Tops 3-6 months,GRL-TOP-003M,394.00,0.00,6.00,388.00,Cost of Goods Sold,GRL-TOP-003M
2968232000000089476,Girls Tops 6-9 months,GRL-TOP-006M,371.00,0.00,0.00,371.00,Cost of Goods Sold,GRL-TOP-006M
2968232000000089487,Girls Tops 9-12 months,GRL-TOP-009M,218.00,0.00,0.00,218.00,Cost of Goods Sold,GRL-TOP-009M
2968232000000089498,Girls Tops 12 months,GRL-TOP-012M,343.00,0.00,0.00,343.00,Cost of Goods Sold,GRL-TOP-012M
2968232000000089509,Girls Tops 18 months,GRL-TOP-018M,254.00,0.00,4.00,250.00,Cost of Goods Sold,GRL-TOP-018M
2968232000000089520,Girls Tops 24 months/2T,GRL-TOP-02T,155.00,0.00,4.00,151.00,Cost of Goods Sold,GRL-TOP-02T
2968232000000089531,Girls Tops 3T,GRL-TOP-03T,148.00,0.00,5.00,143.00,Cost of Goods Sold,GRL-TOP-03T
2968232000000089542,Girls Tops 4T,GRL-TOP-04T,368.00,0.00,0.00,368.00,Cost of Goods Sold,GRL-TOP-04T
2968232000000089553,Girls Tops 5T/5,GRL-TOP-05T,68.00,8.00,21.00,55.00,Cost of Goods Sold,GRL-TOP-05T
2968232000000089564,Girls Tops 6,GRL-TOP-06,82.00,24.00,17.00,89.00,Cost of Goods Sold,GRL-TOP-06
2968232000000089575,Girls Tops 7 (Small),GRL-TOP-07,149.00,11.00,12.00,148.00,Cost of Goods Sold,GRL-TOP-07
2968232000000089586,Girls Tops 8 (Small),GRL-TOP-08,-34.00,48.00,11.00,3.00,Cost of Goods Sold,GRL-TOP-08
2968232000000089597,Girls Tops 10 (Med),GRL-TOP-10,339.00,22.00,30.00,331.00,Cost of Goods Sold,GRL-TOP-10
2968232000000089608,Girls Tops 12 (Med),GRL-TOP-12,-70.00,89.00,14.00,5.00,Cost of Goods Sold,GRL-TOP-12
2968232000000089619,Girls Tops 14 (Large),GRL-TOP-14,100.00,35.00,14.00,121.00,Cost of Goods Sold,GRL-TOP-14
2968232000000089630,Girls Tops 16 (Large),GRL-TOP-16,0.00,9.00,4.00,5.00,Cost of Goods Sold,GRL-TOP-16
2968232000000089641,Girls Tops 18 (XL),GRL-TOP-18,45.00,7.00,7.00,45.00,Cost of Goods Sold,GRL-TOP-18
2968232000000089652,Girls Tops 20 (XL),GRL-TOP-20,14.00,0.00,0.00,14.00,Cost of Goods Sold,GRL-TOP-20
2968232000000089663,Girls Shoes Infant 1,GRL-SHO-INF1,23.00,1.00,1.00,23.00,Cost of Goods Sold,GRL-SHO-INF1
2968232000000089674,Girls Shoes Infant 2,GRL-SHO-INF2,23.00,1.00,8.00,16.00,Cost of Goods Sold,GRL-SHO-INF2
2968232000000089685,Girls Shoes Infant 3,GRL-SHO-INF3,34.00,1.00,0.00,35.00,Cost of Goods Sold,GRL-SHO-INF3
2968232000000089696,Girls Shoes Infant 4,GRL-SHO-INF4,8.00,10.00,2.00,16.00,Cost of Goods Sold,GRL-SHO-INF4
2968232000000089707,Girls Shoes Toddler 5,GRL-SHO-TOD05,15.00,5.00,0.00,20.00,Cost of Goods Sold,GRL-SHO-TOD05
2968232000000089718,Girls Shoes Toddler 5.5,GRL-SHO-TOD05.5,4.00,0.00,0.00,4.00,Cost of Goods Sold,GRL-SHO-TOD05.5
2968232000000089729,Girls Shoes Toddler 6,GRL-SHO-TOD06,11.00,5.00,0.00,16.00,Cost of Goods Sold,GRL-SHO-TOD06
2968232000000089740,Girls Shoes Toddler 6.5,GRL-SHO-TOD06.5,2.00,1.00,0.00,3.00,Cost of Goods Sold,GRL-SHO-TOD06.5
2968232000000089751,Girls Shoes Toddler 7,GRL-SHO-TOD07,16.00,5.00,0.00,21.00,Cost of Goods Sold,GRL-SHO-TOD07
2968232000000089762,Girls Shoes Toddler 7.5,GRL-SHO-TOD07.5,2.00,0.00,0.00,2.00,Cost of Goods Sold,GRL-SHO-TOD07.5
2968232000000089773,Girls Shoes Toddler 8,GRL-SHO-TOD08,11.00,5.00,2.00,14.00,Cost of Goods Sold,GRL-SHO-TOD08
2968232000000089784,Girls Shoes Toddler 8.5,GRL-SHO-TOD08.5,3.00,1.00,0.00,4.00,Cost of Goods Sold,GRL-SHO-TOD08.5
2968232000000089795,Girls Shoes Toddler 9,GRL-SHO-TOD09,36.00,1.00,0.00,37.00,Cost of Goods Sold,GRL-SHO-TOD09
2968232000000089806,Girls Shoes Toddler 9.5,GRL-SHO-TOD09.5,2.00,0.00,1.00,1.00,Cost of Goods Sold,GRL-SHO-TOD09.5
2968232000000089817,Girls Shoes Toddler 10,GRL-SHO-TOD10,47.00,0.00,9.00,38.00,Cost of Goods Sold,GRL-SHO-TOD10
2968232000000089828,Girls Shoes Toddler 10.5,GRL-SHO-TOD10.5,7.00,0.00,0.00,7.00,Cost of Goods Sold,GRL-SHO-TOD10.5
2968232000000089839,Girls Shoes Toddler 11,GRL-SHO-TOD11,56.00,0.00,1.00,55.00,Cost of Goods Sold,GRL-SHO-TOD11
2968232000000089850,Girls Shoes Toddler 11.5,GRL-SHO-TOD11.5,15.00,0.00,0.00,15.00,Cost of Goods Sold,GRL-SHO-TOD11.5
2968232000000089861,Girls Shoes Toddler 12,GRL-SHO-TOD12,48.00,1.00,5.00,44.00,Cost of Goods Sold,GRL-SHO-TOD12
2968232000000089872,Girls Shoes Toddler 12.5,GRL-SHO-TOD12.5,2.00,0.00,0.00,2.00,Cost of Goods Sold,GRL-SHO-TOD12.5
2968232000000089883,Girls Shoes Toddler 13,GRL-SHO-TOD13,54.00,2.00,0.00,56.00,Cost of Goods Sold,GRL-SHO-TOD13
2968232000000089894,Girls Shoes Toddler 13.5,GRL-SHO-TOD13.5,14.00,0.00,0.00,14.00,Cost of Goods Sold,GRL-SHO-TOD13.5
2968232000000089905,Girls Shoes Girls 1,GRL-SHO-1,25.00,9.00,2.00,32.00,Cost of Goods Sold,GRL-SHO-1
2968232000000089916,Girls Shoes Girls 1.5,GRL-SHO-1.5,13.00,0.00,3.00,10.00,Cost of Goods Sold,GRL-SHO-1.5
2968232000000089927,Girls Shoes Girls 2,GRL-SHO-2,51.00,15.00,5.00,61.00,Cost of Goods Sold,GRL-SHO-2
2968232000000089938,Girls Shoes Girls 2.5,GRL-SHO-2.5,12.00,0.00,0.00,12.00,Cost of Goods Sold,GRL-SHO-2.5
2968232000000089949,Girls Shoes Girls 3,GRL-SHO-3,41.00,15.00,1.00,55.00,Cost of Goods Sold,GRL-SHO-3
2968232000000089960,Girls Shoes Girls 3.5,GRL-SHO-3.5,16.00,0.00,0.00,16.00,Cost of Goods Sold,GRL-SHO-3.5
2968232000000089971,Girls Shoes Girls 4,GRL-SHO-4,37.00,5.00,2.00,40.00,Cost of Goods Sold,GRL-SHO-4
2968232000000089982,Girls Shoes Girls 4.5,GRL-SHO-4.5,3.00,0.00,2.00,1.00,Cost of Goods Sold,GRL-SHO-4.5
2968232000000089993,Girls Shoes Girls 5,GRL-SHO-5,45.00,2.00,2.00,45.00,Cost of Goods Sold,GRL-SHO-5
2968232000000090004,Girls Shoes Girls 5.5,GRL-SHO-5.5,6.00,0.00,1.00,5.00,Cost of Goods Sold,GRL-SHO-5.5
2968232000000090026,Girls Socks Infant 2,GRL-SOC-INF2,-7.00,0.00,0.00,-7.00,Cost of Goods Sold,GRL-SOC-INF2
2968232000000090037,Girls Socks Infant 3,GRL-SOC-INF3,-5.00,0.00,0.00,-5.00,Cost of Goods Sold,GRL-SOC-INF3
2968232000000090048,Girls Socks Infant 4,GRL-SOC-INF4,-5.00,0.00,0.00,-5.00,Cost of Goods Sold,GRL-SOC-INF4
2968232000000090059,Girls Socks Toddler 5,GRL-SOC-TOD05,-5.00,0.00,0.00,-5.00,Cost of Goods Sold,GRL-SOC-TOD05
2968232000000090070,Girls Socks Toddler 5.5,GRL-SOC-TOD05.5,-10.00,0.00,0.00,-10.00,Cost of Goods Sold,GRL-SOC-TOD05.5
2968232000000090081,Girls Socks Toddler 6,GRL-SOC-TOD06,-11.00,0.00,0.00,-11.00,Cost of Goods Sold,GRL-SOC-TOD06
2968232000000090103,Girls Socks Toddler 7,GRL-SOC-TOD07,0.00,0.00,0.00,0.00,Cost of Goods Sold,GRL-SOC-TOD07
2968232000000090158,Girls Socks Toddler 9.5,GRL-SOC-TOD09.5,-15.00,0.00,0.00,-15.00,Cost of Goods Sold,GRL-SOC-TOD09.5
2968232000000090169,Girls Socks Toddler 10,GRL-SOC-TOD10,-20.00,0.00,0.00,-20.00,Cost of Goods Sold,GRL-SOC-TOD10
2968232000000090191,Girls Socks Toddler 11,GRL-SOC-TOD11,-20.00,0.00,0.00,-20.00,Cost of Goods Sold,GRL-SOC-TOD11
2968232000000090202,Girls Socks Toddler 11.5,GRL-SOC-TOD11.5,-5.00,0.00,0.00,-5.00,Cost of Goods Sold,GRL-SOC-TOD11.5
2968232000000090213,Girls Socks Toddler 12,GRL-SOC-TOD12,-5.00,0.00,0.00,-5.00,Cost of Goods Sold,GRL-SOC-TOD12
2968232000000090224,Girls Socks Toddler 12.5,GRL-SOC-TOD12.5,-5.00,0.00,0.00,-5.00,Cost of Goods Sold,GRL-SOC-TOD12.5
2968232000000090235,Girls Socks Toddler 13,GRL-SOC-TOD13,-25.00,0.00,0.00,-25.00,Cost of Goods Sold,GRL-SOC-TOD13
2968232000000090257,Girls Socks Girls 1,GRL-SOC-1,-11.00,0.00,0.00,-11.00,Cost of Goods Sold,GRL-SOC-1
2968232000000090279,Girls Socks Girls 2,GRL-SOC-2,-29.00,0.00,0.00,-29.00,Cost of Goods Sold,GRL-SOC-2
2968232000000090290,Girls Socks Girls 2.5,GRL-SOC-2.5,-1.00,0.00,0.00,-1.00,Cost of Goods Sold,GRL-SOC-2.5
2968232000000090301,Girls Socks Girls 3,GRL-SOC-3,-20.00,0.00,0.00,-20.00,Cost of Goods Sold,GRL-SOC-3
2968232000000090323,Girls Socks Girls 4,GRL-SOC-4,-55.00,0.00,0.00,-55.00,Cost of Goods Sold,GRL-SOC-4
2968232000000090345,Girls Socks Girls 5,GRL-SOC-5,-25.00,0.00,0.00,-25.00,Cost of Goods Sold,GRL-SOC-5
2968232000000090356,Girls Socks Girls 5.5,GRL-SOC-5.5,-15.00,0.00,0.00,-15.00,Cost of Goods Sold,GRL-SOC-5.5
2968232000000090367,Girls Underwear 24 months/2T,GRL-UND-02T,15.00,0.00,0.00,15.00,Cost of Goods Sold,GRL-UND-02T
2968232000000090378,Girls Underwear 3T,GRL-UND-03T,-1.00,0.00,5.00,-6.00,Cost of Goods Sold,GRL-UND-03T
2968232000000090389,Girls Underwear 4T,GRL-UND-04T,436.00,0.00,5.00,431.00,Cost of Goods Sold,GRL-UND-04T
2968232000000090400,Girls Underwear 5T/5,GRL-UND-05T,-60.00,0.00,0.00,-60.00,Cost of Goods Sold,GRL-UND-05T
2968232000000090411,Girls Underwear 6,GRL-UND-06,1043.00,0.00,36.00,1007.00,Cost of Goods Sold,GRL-UND-06
2968232000000090422,Girls Underwear 7 (Small),GRL-UND-07,-5.00,0.00,5.00,-10.00,Cost of Goods Sold,GRL-UND-07
2968232000000090433,Girls Underwear 8 (Small),GRL-UND-08,582.00,0.00,25.00,557.00,Cost of Goods Sold,GRL-UND-08
2968232000000090444,Girls Underwear 10 (Med),GRL-UND-10,828.00,0.00,16.00,812.00,Cost of Goods Sold,GRL-UND-10
2968232000000090455,Girls Underwear 12 (Med),GRL-UND-12,435.00,0.00,20.00,415.00,Cost of Goods Sold,GRL-UND-12
2968232000000090466,Girls Underwear 14 (Large),GRL-UND-14,736.00,0.00,16.00,720.00,Cost of Goods Sold,GRL-UND-14
2968232000000090477,Girls Underwear 16 (Large),GRL-UND-16,285.00,0.00,10.00,275.00,Cost of Goods Sold,GRL-UND-16
2968232000000090488,Girls Underwear 18 (XL),GRL-UND-18,10.00,0.00,5.00,5.00,Cost of Goods Sold,GRL-UND-18
2968232000000090499,Girls Underwear 20 (XL),GRL-UND-20,0.00,0.00,0.00,0.00,Cost of Goods Sold,GRL-UND-20
2968232000000090510,"Girls Bras Small, size 6-8",GRL-BRA-S,-7.00,14.00,2.00,5.00,Cost of Goods Sold,GRL-BRA-S
2968232000000090521,"Girls Bras Medium, size 10-12",GRL-BRA-M,-17.00,21.00,4.00,0.00,Cost of Goods Sold,GRL-BRA-M
2968232000000090532,"Girls Bras Large, size 14-16",GRL-BRA-L,-34.00,53.00,5.00,14.00,Cost of Goods Sold,GRL-BRA-L
2968232000000090543,"Girls Bras XLarge, size 18-20",GRL-BRA-XL,82.00,0.00,1.00,81.00,Cost of Goods Sold,GRL-BRA-XL
2968232000000090554,Girls Tops-Jacket 0-3 months,GRL-JKT-000M,-2.00,5.00,0.00,3.00,Cost of Goods Sold,GRL-JKT-000M
2968232000000090565,Girls Tops-Jacket 3-6 months,GRL-JKT-003M,20.00,0.00,0.00,20.00,Cost of Goods Sold,GRL-JKT-003M
2968232000000090576,Girls Tops-Jacket 6-9 months,GRL-JKT-006M,-5.00,28.00,0.00,23.00,Cost of Goods Sold,GRL-JKT-006M
2968232000000090587,Girls Tops-Jacket 9-12 months,GRL-JKT-009M,0.00,0.00,0.00,0.00,Cost of Goods Sold,GRL-JKT-009M
2968232000000090598,Girls Tops-Jacket 12 months,GRL-JKT-012M,21.00,0.00,0.00,21.00,Cost of Goods Sold,GRL-JKT-012M
2968232000000090609,Girls Tops-Jacket 18 months,GRL-JKT-018M,-5.00,19.00,0.00,14.00,Cost of Goods Sold,GRL-JKT-018M
2968232000000090620,Girls Tops-Jacket 24 months/2T,GRL-JKT-02T,3.00,0.00,1.00,2.00,Cost of Goods Sold,GRL-JKT-02T
2968232000000090631,Girls Tops-Jacket 3T,GRL-JKT-03T,-4.00,13.00,2.00,7.00,Cost of Goods Sold,GRL-JKT-03T
2968232000000090642,Girls Tops-Jacket 4T,GRL-JKT-04T,-3.00,25.00,0.00,22.00,Cost of Goods Sold,GRL-JKT-04T
2968232000000090653,Girls Tops-Jacket 5T/5,GRL-JKT-05T,11.00,3.00,4.00,10.00,Cost of Goods Sold,GRL-JKT-05T
2968232000000090664,Girls Tops-Jacket 6,GRL-JKT-06,19.00,3.00,4.00,18.00,Cost of Goods Sold,GRL-JKT-06
2968232000000090675,Girls Tops-Jacket 7 (Small),GRL-JKT-07,19.00,3.00,4.00,18.00,Cost of Goods Sold,GRL-JKT-07
2968232000000090686,Girls Tops-Jacket 8 (Small),GRL-JKT-08,-6.00,12.00,1.00,5.00,Cost of Goods Sold,GRL-JKT-08
2968232000000090697,Girls Tops-Jacket 10 (Med),GRL-JKT-10,49.00,5.00,5.00,49.00,Cost of Goods Sold,GRL-JKT-10
2968232000000090708,Girls Tops-Jacket 12 (Med),GRL-JKT-12,-11.00,13.00,2.00,0.00,Cost of Goods Sold,GRL-JKT-12
2968232000000090719,Girls Tops-Jacket 14 (Large),GRL-JKT-14,18.00,10.00,5.00,23.00,Cost of Goods Sold,GRL-JKT-14
2968232000000090730,Girls Tops-Jacket 16 (Large),GRL-JKT-16,1.00,1.00,1.00,1.00,Cost of Goods Sold,GRL-JKT-16
2968232000000090741,Girls Tops-Jacket 18 (XL),GRL-JKT-18,20.00,1.00,2.00,19.00,Cost of Goods Sold,GRL-JKT-18
2968232000000090752,Girls Tops-Jacket 20 (XL),GRL-JKT-20,2.00,0.00,0.00,2.00,Cost of Goods Sold,GRL-JKT-20
2968232000000090763,Girls Coats 0-3 months,GRL-COT-000M,0.00,0.00,0.00,0.00,Cost of Goods Sold,GRL-COT-000M
2968232000000090774,Girls Coats 3-6 months,GRL-COT-003M,0.00,0.00,0.00,0.00,Cost of Goods Sold,GRL-COT-003M
2968232000000090785,Girls Coats 6-9 months,GRL-COT-006M,0.00,0.00,0.00,0.00,Cost of Goods Sold,GRL-COT-006M
2968232000000090796,Girls Coats 9-12 months,GRL-COT-009M,2.00,0.00,0.00,2.00,Cost of Goods Sold,GRL-COT-009M
2968232000000090807,Girls Coats 12 months,GRL-COT-012M,7.00,0.00,0.00,7.00,Cost of Goods Sold,GRL-COT-012M
2968232000000090818,Girls Coats 18 months,GRL-COT-018M,4.00,0.00,0.00,4.00,Cost of Goods Sold,GRL-COT-018M
2968232000000090829,Girls Coats 24 months/2T,GRL-COT-02T,11.00,0.00,0.00,11.00,Cost of Goods Sold,GRL-COT-02T
2968232000000090840,Girls Coats 3T,GRL-COT-03T,6.00,0.00,0.00,6.00,Cost of Goods Sold,GRL-COT-03T
2968232000000090851,Girls Coats 4T,GRL-COT-04T,88.00,0.00,0.00,88.00,Cost of Goods Sold,GRL-COT-04T
2968232000000090862,Girls Coats 5T/5,GRL-COT-05T,16.00,2.00,0.00,18.00,Cost of Goods Sold,GRL-COT-05T
2968232000000090873,Girls Coats 6,GRL-COT-06,26.00,2.00,0.00,28.00,Cost of Goods Sold,GRL-COT-06
2968232000000090884,Girls Coats 7 (Small),GRL-COT-07,20.00,0.00,0.00,20.00,Cost of Goods Sold,GRL-COT-07
2968232000000090895,Girls Coats 8 (Small),GRL-COT-08,-15.00,16.00,0.00,1.00,Cost of Goods Sold,GRL-COT-08
2968232000000090906,Girls Coats 10 (Med),GRL-COT-10,23.00,2.00,1.00,24.00,Cost of Goods Sold,GRL-COT-10
2968232000000090917,Girls Coats 12 (Med),GRL-COT-12,-5.00,7.00,1.00,1.00,Cost of Goods Sold,GRL-COT-12
2968232000000090928,Girls Coats 14 (Large),GRL-COT-14,11.00,2.00,0.00,13.00,Cost of Goods Sold,GRL-COT-14
2968232000000090939,Girls Coats 16 (Large),GRL-COT-16,1.00,0.00,0.00,1.00,Cost of Goods Sold,GRL-COT-16
2968232000000090950,Girls Coats 18 (XL),GRL-COT-18,-2.00,3.00,1.00,0.00,Cost of Goods Sold,GRL-COT-18
2968232000000090961,Girls Coats 20 (XL),GRL-COT-20,18.00,0.00,0.00,18.00,Cost of Goods Sold,GRL-COT-20
2968232000000090972,Mens Bottoms 28x28,MEN-BOT-28x28,2.00,0.00,0.00,2.00,Cost of Goods Sold,MEN-BOT-28x28
2968232000000090983,Mens Bottoms 28x30,MEN-BOT-28x30,-26.00,35.00,9.00,0.00,Cost of Goods Sold,MEN-BOT-28x30
2968232000000090994,Mens Bottoms 28x32,MEN-BOT-28x32,-4.00,4.00,0.00,0.00,Cost of Goods Sold,MEN-BOT-28x32
2968232000000091005,Mens Bottoms 28x34,MEN-BOT-28x34,0.00,5.00,5.00,0.00,Cost of Goods Sold,MEN-BOT-28x34
2968232000000091016,Mens Bottoms 28x36,MEN-BOT-28x36,0.00,0.00,0.00,0.00,Cost of Goods Sold,MEN-BOT-28x36
2968232000000091027,Mens Bottoms 29x28,MEN-BOT-29x28,0.00,0.00,0.00,0.00,Cost of Goods Sold,MEN-BOT-29x28
2968232000000091038,Mens Bottoms 29x30,MEN-BOT-29x30,-10.00,21.00,0.00,11.00,Cost of Goods Sold,MEN-BOT-29x30
2968232000000091049,Mens Bottoms 29x32,MEN-BOT-29x32,-1.00,13.00,0.00,12.00,Cost of Goods Sold,MEN-BOT-29x32
2968232000000091060,Mens Bottoms 29x34,MEN-BOT-29x34,-4.00,7.00,0.00,3.00,Cost of Goods Sold,MEN-BOT-29x34
2968232000000091071,Mens Bottoms 29x36,MEN-BOT-29x36,0.00,0.00,0.00,0.00,Cost of Goods Sold,MEN-BOT-29x36
2968232000000091082,Mens Bottoms 30x28,MEN-BOT-30x28,-3.00,3.00,0.00,0.00,Cost of Goods Sold,MEN-BOT-30x28
2968232000000091093,Mens Bottoms 30x30,MEN-BOT-30x30,8.00,2.00,2.00,8.00,Cost of Goods Sold,MEN-BOT-30x30
2968232000000091104,Mens Bottoms 30x32,MEN-BOT-30x32,4.00,8.00,5.00,7.00,Cost of Goods Sold,MEN-BOT-30x32
2968232000000091115,Mens Bottoms 30x34,MEN-BOT-30x34,5.00,1.00,0.00,6.00,Cost of Goods Sold,MEN-BOT-30x34
2968232000000091126,Mens Bottoms 30x36,MEN-BOT-30x36,0.00,0.00,0.00,0.00,Cost of Goods Sold,MEN-BOT-30x36
2968232000000091137,Mens Bottoms 32x28,MEN-BOT-32x28,3.00,0.00,0.00,3.00,Cost of Goods Sold,MEN-BOT-32x28
2968232000000091148,Mens Bottoms 32x30,MEN-BOT-32x30,-15.00,31.00,13.00,3.00,Cost of Goods Sold,MEN-BOT-32x30
2968232000000091159,Mens Bottoms 32x32,MEN-BOT-32x32,2.00,1.00,2.00,1.00,Cost of Goods Sold,MEN-BOT-32x32
2968232000000091170,Mens Bottoms 32x34,MEN-BOT-32x34,1.00,7.00,3.00,5.00,Cost of Goods Sold,MEN-BOT-32x34
2968232000000091181,Mens Bottoms 32x36,MEN-BOT-32x36,3.00,0.00,0.00,3.00,Cost of Goods Sold,MEN-BOT-32x36
2968232000000091192,Mens Bottoms 34x28,MEN-BOT-34x28,3.00,0.00,0.00,3.00,Cost of Goods Sold,MEN-BOT-34x28
2968232000000091203,Mens Bottoms 34x30,MEN-BOT-34x30,54.00,1.00,2.00,53.00,Cost of Goods Sold,MEN-BOT-34x30
2968232000000091214,Mens Bottoms 34x32,MEN-BOT-34x32,-10.00,24.00,0.00,14.00,Cost of Goods Sold,MEN-BOT-34x32
2968232000000091225,Mens Bottoms 34x34,MEN-BOT-34x34,-1.00,4.00,0.00,3.00,Cost of Goods Sold,MEN-BOT-34x34
2968232000000091236,Mens Bottoms 34x36,MEN-BOT-34x36,2.00,0.00,0.00,2.00,Cost of Goods Sold,MEN-BOT-34x36
2968232000000091247,Mens Bottoms 35x28,MEN-BOT-35x28,1.00,0.00,0.00,1.00,Cost of Goods Sold,MEN-BOT-35x28
2968232000000091258,Mens Bottoms 35x30,MEN-BOT-35x30,30.00,0.00,0.00,30.00,Cost of Goods Sold,MEN-BOT-35x30
2968232000000091269,Mens Bottoms 35x32,MEN-BOT-35x32,13.00,0.00,0.00,13.00,Cost of Goods Sold,MEN-BOT-35x32
2968232000000091280,Mens Bottoms 35x34,MEN-BOT-35x34,1.00,0.00,0.00,1.00,Cost of Goods Sold,MEN-BOT-35x34
2968232000000091291,Mens Bottoms 35x36,MEN-BOT-35x36,0.00,0.00,0.00,0.00,Cost of Goods Sold,MEN-BOT-35x36
2968232000000091302,Mens Bottoms 36x28,MEN-BOT-36x28,3.00,0.00,0.00,3.00,Cost of Goods Sold,MEN-BOT-36x28
2968232000000091313,Mens Bottoms 36x30,MEN-BOT-36x30,57.00,2.00,0.00,59.00,Cost of Goods Sold,MEN-BOT-36x30
2968232000000091324,Mens Bottoms 36x32,MEN-BOT-36x32,23.00,3.00,2.00,24.00,Cost of Goods Sold,MEN-BOT-36x32
2968232000000091335,Mens Bottoms 36x34,MEN-BOT-36x34,1.00,4.00,1.00,4.00,Cost of Goods Sold,MEN-BOT-36x34
2968232000000091346,Mens Bottoms 36x36,MEN-BOT-36x36,-2.00,3.00,0.00,1.00,Cost of Goods Sold,MEN-BOT-36x36
2968232000000091357,Mens Bottoms 38x28,MEN-BOT-38x28,13.00,0.00,0.00,13.00,Cost of Goods Sold,MEN-BOT-38x28
2968232000000091368,Mens Bottoms 38x30,MEN-BOT-38x30,37.00,2.00,3.00,36.00,Cost of Goods Sold,MEN-BOT-38x30
2968232000000091379,Mens Bottoms 38x32,MEN-BOT-38x32,34.00,3.00,0.00,37.00,Cost of Goods Sold,MEN-BOT-38x32
2968232000000091390,Mens Bottoms 38x34,MEN-BOT-38x34,2.00,0.00,0.00,2.00,Cost of Goods Sold,MEN-BOT-38x34
2968232000000091401,Mens Bottoms 38x36,MEN-BOT-38x36,-5.00,5.00,0.00,0.00,Cost of Goods Sold,MEN-BOT-38x36
2968232000000091412,Mens Bottoms 40x28,MEN-BOT-40x28,0.00,0.00,0.00,0.00,Cost of Goods Sold,MEN-BOT-40x28
2968232000000091423,Mens Bottoms 40x30,MEN-BOT-40x30,28.00,0.00,0.00,28.00,Cost of Goods Sold,MEN-BOT-40x30
2968232000000091434,Mens Bottoms 40x32,MEN-BOT-40x32,0.00,1.00,0.00,1.00,Cost of Goods Sold,MEN-BOT-40x32
2968232000000091445,Mens Bottoms 40x34,MEN-BOT-40x34,1.00,0.00,0.00,1.00,Cost of Goods Sold,MEN-BOT-40x34
2968232000000091456,Mens Bottoms 40x36,MEN-BOT-40x36,-5.00,5.00,0.00,0.00,Cost of Goods Sold,MEN-BOT-40x36
2968232000000091467,Mens Bottoms 42x28,MEN-BOT-42x28,2.00,0.00,0.00,2.00,Cost of Goods Sold,MEN-BOT-42x28
2968232000000091478,Mens Bottoms 42x30,MEN-BOT-42x30,33.00,1.00,2.00,32.00,Cost of Goods Sold,MEN-BOT-42x30
2968232000000091489,Mens Bottoms 42x32,MEN-BOT-42x32,6.00,0.00,0.00,6.00,Cost of Goods Sold,MEN-BOT-42x32
2968232000000091500,Mens Bottoms 42x34,MEN-BOT-42x34,0.00,0.00,0.00,0.00,Cost of Goods Sold,MEN-BOT-42x34
2968232000000091511,Mens Bottoms 42x36,MEN-BOT-42x36,0.00,0.00,0.00,0.00,Cost of Goods Sold,MEN-BOT-42x36
2968232000000091522,Mens Bottoms 44x28,MEN-BOT-44x28,0.00,0.00,0.00,0.00,Cost of Goods Sold,MEN-BOT-44x28
2968232000000091533,Mens Bottoms 44x30,MEN-BOT-44x30,4.00,0.00,0.00,4.00,Cost of Goods Sold,MEN-BOT-44x30
2968232000000091544,Mens Bottoms 44x32,MEN-BOT-44x32,0.00,0.00,0.00,0.00,Cost of Goods Sold,MEN-BOT-44x32
2968232000000091555,Mens Bottoms 44x34,MEN-BOT-44x34,0.00,0.00,0.00,0.00,Cost of Goods Sold,MEN-BOT-44x34
2968232000000091566,Mens Bottoms 44x36,MEN-BOT-44x36,0.00,0.00,0.00,0.00,Cost of Goods Sold,MEN-BOT-44x36
2968232000000091577,Mens Bottoms 46x28,MEN-BOT-46x28,0.00,0.00,0.00,0.00,Cost of Goods Sold,MEN-BOT-46x28
2968232000000091588,Mens Bottoms 46x30,MEN-BOT-46x30,6.00,1.00,0.00,7.00,Cost of Goods Sold,MEN-BOT-46x30
2968232000000091599,Mens Bottoms 46x32,MEN-BOT-46x32,-3.00,3.00,0.00,0.00,Cost of Goods Sold,MEN-BOT-46x32
2968232000000091610,Mens Bottoms 46x34,MEN-BOT-46x34,0.00,0.00,0.00,0.00,Cost of Goods Sold,MEN-BOT-46x34
2968232000000091621,Mens Bottoms 46x36,MEN-BOT-46x36,-3.00,3.00,0.00,0.00,Cost of Goods Sold,MEN-BOT-46x36
2968232000000091632,Mens Bottoms 48x28,MEN-BOT-48x28,0.00,0.00,0.00,0.00,Cost of Goods Sold,MEN-BOT-48x28
2968232000000091643,Mens Bottoms 48x30,MEN-BOT-48x30,4.00,0.00,0.00,4.00,Cost of Goods Sold,MEN-BOT-48x30
2968232000000091654,Mens Bottoms 48x32,MEN-BOT-48x32,-2.00,2.00,0.00,0.00,Cost of Goods Sold,MEN-BOT-48x32
2968232000000091665,Mens Bottoms 48x34,MEN-BOT-48x34,0.00,1.00,1.00,0.00,Cost of Goods Sold,MEN-BOT-48x34
2968232000000091676,Mens Bottoms 48x36,MEN-BOT-48x36,0.00,0.00,0.00,0.00,Cost of Goods Sold,MEN-BOT-48x36
2968232000000091687,Mens Tops X Small,MEN-TOP-XS,1.00,0.00,0.00,1.00,Cost of Goods Sold,MEN-TOP-XS
2968232000000091698,Mens Tops Small,MEN-TOP-S,1.00,13.00,14.00,0.00,Cost of Goods Sold,MEN-TOP-S
2968232000000091709,Mens Tops Medium,MEN-TOP-M,13.00,19.00,23.00,9.00,Cost of Goods Sold,MEN-TOP-M
2968232000000091720,Mens Tops Large,MEN-TOP-L,23.00,3.00,19.00,7.00,Cost of Goods Sold,MEN-TOP-L
2968232000000091731,Mens Tops X Large,MEN-TOP-XL,44.00,0.00,14.00,30.00,Cost of Goods Sold,MEN-TOP-XL
2968232000000091742,Mens Tops 2X Large,MEN-TOP-2XL,3.00,10.00,6.00,7.00,Cost of Goods Sold,MEN-TOP-2XL
2968232000000091753,Mens Tops 3X Large,MEN-TOP-3XL,67.00,0.00,1.00,66.00,Cost of Goods Sold,MEN-TOP-3XL
2968232000000091764,Mens Tops 4X Large,MEN-TOP-4XL,-1.00,1.00,0.00,0.00,Cost of Goods Sold,MEN-TOP-4XL
2968232000000091775,Mens Tops 5X Large,MEN-TOP-5XL,0.00,0.00,0.00,0.00,Cost of Goods Sold,MEN-TOP-5XL
2968232000000091786,Mens Shoes 8,MEN-SHO-08,15.00,2.00,4.00,13.00,Cost of Goods Sold,MEN-SHO-08
2968232000000091797,Mens Shoes 8.5,MEN-SHO-08.5,19.00,3.00,1.00,21.00,Cost of Goods Sold,MEN-SHO-08.5
2968232000000091808,Mens Shoes 9,MEN-SHO-09,7.00,6.00,2.00,11.00,Cost of Goods Sold,MEN-SHO-09
2968232000000091819,Mens Shoes 9.5,MEN-SHO-09.5,12.00,2.00,4.00,10.00,Cost of Goods Sold,MEN-SHO-09.5
2968232000000091830,Mens Shoes 10,MEN-SHO-10,6.00,7.00,0.00,13.00,Cost of Goods Sold,MEN-SHO-10
2968232000000091841,Mens Shoes 10.5,MEN-SHO-10.5,3.00,3.00,3.00,3.00,Cost of Goods Sold,MEN-SHO-10.5
2968232000000091852,Mens Shoes 11,MEN-SHO-11,12.00,6.00,3.00,15.00,Cost of Goods Sold,MEN-SHO-11
2968232000000091863,Mens Shoes 11.5,MEN-SHO-11.5,15.00,6.00,0.00,21.00,Cost of Goods Sold,MEN-SHO-11.5
2968232000000091874,Mens Shoes 12,MEN-SHO-12,28.00,1.00,0.00,29.00,Cost of Goods Sold,MEN-SHO-12
2968232000000091885,Mens Shoes 12.5,MEN-SHO-12.5,3.00,0.00,1.00,2.00,Cost of Goods Sold,MEN-SHO-12.5
2968232000000091896,Mens Shoes 13,MEN-SHO-13,4.00,1.00,1.00,4.00,Cost of Goods Sold,MEN-SHO-13
2968232000000091907,Mens Shoes 13.5,MEN-SHO-13.5,0.00,0.00,0.00,0.00,Cost of Goods Sold,MEN-SHO-13.5
2968232000000091918,Mens Shoes 14,MEN-SHO-14,9.00,0.00,1.00,8.00,Cost of Goods Sold,MEN-SHO-14
2968232000000091929,Mens Shoes 14.5,MEN-SHO-14.5,0.00,0.00,0.00,0.00,Cost of Goods Sold,MEN-SHO-14.5
2968232000000091940,Mens Shoes 15,MEN-SHO-15,8.00,0.00,0.00,8.00,Cost of Goods Sold,MEN-SHO-15
2968232000000091951,Mens Shoes 15.5,MEN-SHO-15.5,0.00,0.00,0.00,0.00,Cost of Goods Sold,MEN-SHO-15.5
2968232000000091962,Mens Shoes 16,MEN-SHO-16,6.00,0.00,0.00,6.00,Cost of Goods Sold,MEN-SHO-16
2968232000000091973,Mens Socks 8,MEN-SOC-08,-45.00,0.00,0.00,-45.00,Cost of Goods Sold,MEN-SOC-08
2968232000000091984,Mens Socks 8.5,MEN-SOC-08.5,-11.00,0.00,0.00,-11.00,Cost of Goods Sold,MEN-SOC-08.5
2968232000000091995,Mens Socks 9,MEN-SOC-09,-55.00,0.00,0.00,-55.00,Cost of Goods Sold,MEN-SOC-09
2968232000000092006,Mens Socks 9.5,MEN-SOC-09.5,-12.00,0.00,0.00,-12.00,Cost of Goods Sold,MEN-SOC-09.5
2968232000000092017,Mens Socks 10,MEN-SOC-10,-54.00,0.00,0.00,-54.00,Cost of Goods Sold,MEN-SOC-10
2968232000000092028,Mens Socks 10.5,MEN-SOC-10.5,-21.00,0.00,0.00,-21.00,Cost of Goods Sold,MEN-SOC-10.5
2968232000000092039,Mens Socks 11,MEN-SOC-11,-25.00,0.00,0.00,-25.00,Cost of Goods Sold,MEN-SOC-11
2968232000000092050,Mens Socks 11.5,MEN-SOC-11.5,-20.00,0.00,0.00,-20.00,Cost of Goods Sold,MEN-SOC-11.5
2968232000000092061,Mens Socks 12,MEN-SOC-12,-40.00,0.00,0.00,-40.00,Cost of Goods Sold,MEN-SOC-12
2968232000000092083,Mens Socks 13,MEN-SOC-13,-40.00,0.00,0.00,-40.00,Cost of Goods Sold,MEN-SOC-13
2968232000000092160,Mens Underwear Small 28-30,MEN-UND-S,-23.00,0.00,17.00,-40.00,Cost of Goods Sold,MEN-UND-S
2968232000000092171,Mens Underwear Med 32-34,MEN-UND-M,-111.00,14.00,48.00,-145.00,Cost of Goods Sold,MEN-UND-M
2968232000000092182,Mens Underwear Large 36-38,MEN-UND-L,-113.00,10.00,16.00,-119.00,Cost of Goods Sold,MEN-UND-L
2968232000000092193,Mens Underwear XL 40-42,MEN-UND-XL,74.00,0.00,5.00,69.00,Cost of Goods Sold,MEN-UND-XL
2968232000000092204,Mens Underwear 2XL 44-46,MEN-UND-2XL,-5.00,0.00,5.00,-10.00,Cost of Goods Sold,MEN-UND-2XL
2968232000000092215,Mens Underwear 3XL 48-50,MEN-UND-3XL,-21.00,0.00,1.00,-22.00,Cost of Goods Sold,MEN-UND-3XL
2968232000000092226,Mens Underwear 4XL 52-54,MEN-UND-4XL,0.00,0.00,0.00,0.00,Cost of Goods Sold,MEN-UND-4XL
2968232000000092237,Mens Underwear 5XL 56-58,MEN-UND-5XL,6.00,0.00,0.00,6.00,Cost of Goods Sold,MEN-UND-5XL
2968232000000092248,Mens Tops-Jacket X Small,MEN-JKT-XS,0.00,0.00,0.00,0.00,Cost of Goods Sold,MEN-JKT-XS
2968232000000092259,Mens Tops-Jacket Small,MEN-JKT-S,2.00,3.00,1.00,4.00,Cost of Goods Sold,MEN-JKT-S
2968232000000092270,Mens Tops-Jacket Medium,MEN-JKT-M,5.00,2.00,1.00,6.00,Cost of Goods Sold,MEN-JKT-M
2968232000000092281,Mens Tops-Jacket Large,MEN-JKT-L,12.00,6.00,6.00,12.00,Cost of Goods Sold,MEN-JKT-L
2968232000000092292,Mens Tops-Jacket X Large,MEN-JKT-XL,16.00,4.00,3.00,17.00,Cost of Goods Sold,MEN-JKT-XL
2968232000000092303,Mens Tops-Jacket 2X Large,MEN-JKT-2XL,1.00,3.00,2.00,2.00,Cost of Goods Sold,MEN-JKT-2XL
2968232000000092314,Mens Tops-Jacket 3X Large,MEN-JKT-3XL,4.00,0.00,1.00,3.00,Cost of Goods Sold,MEN-JKT-3XL
2968232000000092325,Mens Tops-Jacket 4X Large,MEN-JKT-4XL,-2.00,2.00,0.00,0.00,Cost of Goods Sold,MEN-JKT-4XL
2968232000000092336,Mens Tops-Jacket 5X Large,MEN-JKT-5XL,0.00,0.00,0.00,0.00,Cost of Goods Sold,MEN-JKT-5XL
2968232000000092347,Mens Coats X Small,MEN-COT-XS,0.00,0.00,0.00,0.00,Cost of Goods Sold,MEN-COT-XS
2968232000000092358,Mens Coats Small,MEN-COT-S,1.00,0.00,0.00,1.00,Cost of Goods Sold,MEN-COT-S
2968232000000092369,Mens Coats Medium,MEN-COT-M,-4.00,5.00,0.00,1.00,Cost of Goods Sold,MEN-COT-M
2968232000000092380,Mens Coats Large,MEN-COT-L,-2.00,4.00,0.00,2.00,Cost of Goods Sold,MEN-COT-L
2968232000000092391,Mens Coats X Large,MEN-COT-XL,12.00,3.00,1.00,14.00,Cost of Goods Sold,MEN-COT-XL
2968232000000092402,Mens Coats 2X Large,MEN-COT-2XL,-4.00,4.00,0.00,0.00,Cost of Goods Sold,MEN-COT-2XL
2968232000000092413,Mens Coats 3X Large,MEN-COT-3XL,2.00,0.00,1.00,1.00,Cost of Goods Sold,MEN-COT-3XL
2968232000000092424,Mens Coats 4X Large,MEN-COT-4XL,2.00,0.00,0.00,2.00,Cost of Goods Sold,MEN-COT-4XL
2968232000000092435,Mens Coats 5X Large,MEN-COT-5XL,3.00,0.00,0.00,3.00,Cost of Goods Sold,MEN-COT-5XL
2968232000000092446,0 Womens Bottoms,WOM-BOT-00,150.00,14.00,0.00,164.00,Cost of Goods Sold,WOM-BOT-00
2968232000000092457,2 (XS) Womens Bottoms,WOM-BOT-02,28.00,19.00,0.00,47.00,Cost of Goods Sold,WOM-BOT-02
2968232000000092468,4 Womens Bottoms,WOM-BOT-04,489.00,31.00,0.00,520.00,Cost of Goods Sold,WOM-BOT-04
2968232000000092479,6 (Small) Womens Bottoms,WOM-BOT-06,120.00,16.00,7.00,129.00,Cost of Goods Sold,WOM-BOT-06
2968232000000092490,8 Womens Bottoms,WOM-BOT-08,252.00,21.00,8.00,265.00,Cost of Goods Sold,WOM-BOT-08
2968232000000092501,10 (M) Womens Bottoms,WOM-BOT-10,185.00,32.00,16.00,201.00,Cost of Goods Sold,WOM-BOT-10
2968232000000092512,12 Womens Bottoms,WOM-BOT-12,128.00,8.00,6.00,130.00,Cost of Goods Sold,WOM-BOT-12
2968232000000092523,14 (L) Womens Bottoms,WOM-BOT-14,62.00,20.00,18.00,64.00,Cost of Goods Sold,WOM-BOT-14
2968232000000092534,16 (XL) Womens Bottoms,WOM-BOT-16,43.00,9.00,8.00,44.00,Cost of Goods Sold,WOM-BOT-16
2968232000000092545,18 Womens Bottoms,WOM-BOT-18,-20.00,23.00,3.00,0.00,Cost of Goods Sold,WOM-BOT-18
2968232000000092556,20 (2XL) Womens Bottoms,WOM-BOT-20,41.00,0.00,1.00,40.00,Cost of Goods Sold,WOM-BOT-20
2968232000000092567,22 Womens Bottoms,WOM-BOT-22,9.00,0.00,4.00,5.00,Cost of Goods Sold,WOM-BOT-22
2968232000000092578,24 (3XL) Womens Bottoms,WOM-BOT-24,23.00,1.00,2.00,22.00,Cost of Goods Sold,WOM-BOT-24
2968232000000092589,Womens Tops X Small,WOM-TOP-XS,625.00,66.00,7.00,684.00,Cost of Goods Sold,WOM-TOP-XS
2968232000000092600,26 Womens Bottoms,WOM-BOT-26,7.00,0.00,0.00,7.00,Cost of Goods Sold,WOM-BOT-26
2968232000000092611,Womens Tops Small,WOM-TOP-S,288.00,90.00,1.00,377.00,Cost of Goods Sold,WOM-TOP-S
2968232000000092622,Womens Tops Medium,WOM-TOP-M,-16.00,144.00,67.00,61.00,Cost of Goods Sold,WOM-TOP-M
2968232000000092633,Womens Tops Large,WOM-TOP-L,76.00,118.00,18.00,176.00,Cost of Goods Sold,WOM-TOP-L
2968232000000092644,Womens Tops X Large,WOM-TOP-XL,-34.00,98.00,28.00,36.00,Cost of Goods Sold,WOM-TOP-XL
2968232000000092655,Womens Tops 2X Large,WOM-TOP-2XL,-4.00,14.00,5.00,5.00,Cost of Goods Sold,WOM-TOP-2XL
2968232000000092666,Womens Tops 3X Large,WOM-TOP-3XL,14.00,2.00,0.00,16.00,Cost of Goods Sold,WOM-TOP-3XL
2968232000000092677,Womens Tops 4X Large,WOM-TOP-4XL,2.00,2.00,3.00,1.00,Cost of Goods Sold,WOM-TOP-4XL
2968232000000092688,Womens Tops 5X Large,WOM-TOP-5XL,-5.00,5.00,0.00,0.00,Cost of Goods Sold,WOM-TOP-5XL
2968232000000092699,Womens Shoes 6,WOM-SHO-06,58.00,5.00,9.00,54.00,Cost of Goods Sold,WOM-SHO-06
2968232000000092710,Womens Shoes 6.5,WOM-SHO-06.5,54.00,4.00,2.00,56.00,Cost of Goods Sold,WOM-SHO-06.5
2968232000000092721,Womens Shoes 7,WOM-SHO-07,2.00,8.00,10.00,0.00,Cost of Goods Sold,WOM-SHO-07
2968232000000092732,Womens Shoes 7.5,WOM-SHO-07.5,47.00,2.00,5.00,44.00,Cost of Goods Sold,WOM-SHO-07.5
2968232000000092743,Womens Shoes 8,WOM-SHO-08,83.00,4.00,14.00,73.00,Cost of Goods Sold,WOM-SHO-08
2968232000000092754,Womens Shoes 8.5,WOM-SHO-08.5,52.00,4.00,1.00,55.00,Cost of Goods Sold,WOM-SHO-08.5
2968232000000092765,Womens Shoes 9,WOM-SHO-09,46.00,3.00,5.00,44.00,Cost of Goods Sold,WOM-SHO-09
2968232000000092776,Womens Shoes 9.5,WOM-SHO-09.5,41.00,3.00,2.00,42.00,Cost of Goods Sold,WOM-SHO-09.5
2968232000000092787,Womens Shoes 10,WOM-SHO-10,15.00,3.00,6.00,12.00,Cost of Goods Sold,WOM-SHO-10
2968232000000092798,Womens Shoes 10.5,WOM-SHO-10.5,10.00,0.00,1.00,9.00,Cost of Goods Sold,WOM-SHO-10.5
2968232000000092809,Womens Shoes 11,WOM-SHO-11,21.00,1.00,0.00,22.00,Cost of Goods Sold,WOM-SHO-11
2968232000000092820,Womens Shoes 11.5,WOM-SHO-11.5,1.00,0.00,0.00,1.00,Cost of Goods Sold,WOM-SHO-11.5
2968232000000092831,Womens Shoes 12,WOM-SHO-12,1.00,0.00,1.00,0.00,Cost of Goods Sold,WOM-SHO-12
2968232000000092842,Womens Shoes 12.5,WOM-SHO-12.5,0.00,0.00,0.00,0.00,Cost of Goods Sold,WOM-SHO-12.5
2968232000000092853,Womens Shoes 13,WOM-SHO-13,0.00,0.00,0.00,0.00,Cost of Goods Sold,WOM-SHO-13
2968232000000092864,Womens Socks 6,WOM-SOC-06,-20.00,0.00,0.00,-20.00,Cost of Goods Sold,WOM-SOC-06
2968232000000092875,Womens Socks 6.5,WOM-SOC-06.5,-20.00,0.00,0.00,-20.00,Cost of Goods Sold,WOM-SOC-06.5
2968232000000092886,Womens Socks 7,WOM-SOC-07,-41.00,0.00,0.00,-41.00,Cost of Goods Sold,WOM-SOC-07
2968232000000092897,Womens Socks 7.5,WOM-SOC-07.5,-30.00,0.00,0.00,-30.00,Cost of Goods Sold,WOM-SOC-07.5
2968232000000092908,Womens Socks 8,WOM-SOC-08,-50.00,0.00,0.00,-50.00,Cost of Goods Sold,WOM-SOC-08
2968232000000092919,Womens Socks 8.5,WOM-SOC-08.5,-15.00,0.00,0.00,-15.00,Cost of Goods Sold,WOM-SOC-08.5
2968232000000092930,Womens Socks 9,WOM-SOC-09,-50.00,0.00,0.00,-50.00,Cost of Goods Sold,WOM-SOC-09
2968232000000092941,Womens Socks 9.5,WOM-SOC-09.5,-35.00,0.00,0.00,-35.00,Cost of Goods Sold,WOM-SOC-09.5
2968232000000092952,Womens Socks 10,WOM-SOC-10,-44.00,0.00,0.00,-44.00,Cost of Goods Sold,WOM-SOC-10
2968232000000092963,Womens Socks 10.5,WOM-SOC-10.5,-10.00,0.00,0.00,-10.00,Cost of Goods Sold,WOM-SOC-10.5
2968232000000092974,Womens Socks 11,WOM-SOC-11,-20.00,0.00,0.00,-20.00,Cost of Goods Sold,WOM-SOC-11
2968232000000092985,Womens Socks 11.5,WOM-SOC-11.5,0.00,0.00,0.00,0.00,Cost of Goods Sold,WOM-SOC-11.5
2968232000000092996,Womens Socks 12,WOM-SOC-12,-5.00,0.00,0.00,-5.00,Cost of Goods Sold,WOM-SOC-12
2968232000000093029,Womens Underwear 0,WOM-UND-00,0.00,0.00,0.00,0.00,Cost of Goods Sold,WOM-UND-00
2968232000000093040,Womens Underwear 2,WOM-UND-02,0.00,0.00,0.00,0.00,Cost of Goods Sold,WOM-UND-02
2968232000000093051,Womens Underwear 4 (Pant Size 2-4),WOM-UND-04,-10.00,65.00,0.00,55.00,Cost of Goods Sold,WOM-UND-04
2968232000000093062,Womens Underwear 6 (Pant Size 8-10),WOM-UND-06,-15.00,0.00,30.00,-45.00,Cost of Goods Sold,WOM-UND-06
2968232000000093073,Womens Underwear 8 (Pant Size 14-16),WOM-UND-08,-25.00,0.00,25.00,-50.00,Cost of Goods Sold,WOM-UND-08
2968232000000093084,Womens Underwear 10 (Pant Size 18-20),WOM-UND-10,-64.00,0.00,2.00,-66.00,Cost of Goods Sold,WOM-UND-10
2968232000000093095,Womens Underwear 12 (Pant Size 22-24),WOM-UND-12,-20.00,0.00,5.00,-25.00,Cost of Goods Sold,WOM-UND-12
2968232000000093106,Womens Underwear 14 (Pant Size 26-28),WOM-UND-14,-3.00,0.00,0.00,-3.00,Cost of Goods Sold,WOM-UND-14
2968232000000093117,Womens Underwear 16,WOM-UND-16,-4.00,0.00,0.00,-4.00,Cost of Goods Sold,WOM-UND-16
2968232000000093139,Womens Underwear 20,WOM-UND-20,0.00,0.00,0.00,0.00,Cost of Goods Sold,WOM-UND-20
2968232000000093150,Womens Underwear 22,WOM-UND-22,-5.00,0.00,0.00,-5.00,Cost of Goods Sold,WOM-UND-22
2968232000000093161,Womens Bras 30A,WOM-BRA-30A,4.00,2.00,0.00,6.00,Cost of Goods Sold,WOM-BRA-30A
2968232000000093172,Womens Bras 30B,WOM-BRA-30B,0.00,2.00,2.00,0.00,Cost of Goods Sold,WOM-BRA-30B
2968232000000093183,Womens Bras 30C,WOM-BRA-30C,0.00,0.00,0.00,0.00,Cost of Goods Sold,WOM-BRA-30C
2968232000000093194,Womens Bras 30D,WOM-BRA-30D,0.00,0.00,0.00,0.00,Cost of Goods Sold,WOM-BRA-30D
2968232000000093205,Womens Bras 30DD,WOM-BRA-30DD,0.00,0.00,0.00,0.00,Cost of Goods Sold,WOM-BRA-30DD
2968232000000093216,Womens Bras 30DDD,WOM-BRA-30DDD,0.00,0.00,0.00,0.00,Cost of Goods Sold,WOM-BRA-30DDD
2968232000000093227,Womens Bras 32A,WOM-BRA-32A,-2.00,2.00,0.00,0.00,Cost of Goods Sold,WOM-BRA-32A
2968232000000093238,Womens Bras 32B,WOM-BRA-32B,-2.00,3.00,0.00,1.00,Cost of Goods Sold,WOM-BRA-32B
2968232000000093249,Womens Bras 32C,WOM-BRA-32C,-2.00,3.00,0.00,1.00,Cost of Goods Sold,WOM-BRA-32C
2968232000000093260,Womens Bras 32D,WOM-BRA-32D,-3.00,6.00,0.00,3.00,Cost of Goods Sold,WOM-BRA-32D
2968232000000093271,Womens Bras 32DD,WOM-BRA-32DD,1.00,0.00,0.00,1.00,Cost of Goods Sold,WOM-BRA-32DD
2968232000000093282,Womens Bras 32DDD,WOM-BRA-32DDD,0.00,0.00,0.00,0.00,Cost of Goods Sold,WOM-BRA-32DDD
2968232000000093293,Womens Bras 34A,WOM-BRA-34A,1.00,0.00,0.00,1.00,Cost of Goods Sold,WOM-BRA-34A
2968232000000093304,Womens Bras 34B,WOM-BRA-34B,-8.00,10.00,2.00,0.00,Cost of Goods Sold,WOM-BRA-34B
2968232000000093315,Womens Bras 34C,WOM-BRA-34C,15.00,1.00,0.00,16.00,Cost of Goods Sold,WOM-BRA-34C
2968232000000093326,Womens Bras 34D,WOM-BRA-34D,29.00,0.00,0.00,29.00,Cost of Goods Sold,WOM-BRA-34D
2968232000000093337,Womens Bras 34DD,WOM-BRA-34DD,1.00,0.00,0.00,1.00,Cost of Goods Sold,WOM-BRA-34DD
2968232000000093348,Womens Bras 34DDD,WOM-BRA-34DDD,0.00,0.00,0.00,0.00,Cost of Goods Sold,WOM-BRA-34DDD
2968232000000093359,Womens Bras 36A,WOM-BRA-36A,6.00,0.00,0.00,6.00,Cost of Goods Sold,WOM-BRA-36A
2968232000000093370,Womens Bras 36B,WOM-BRA-36B,-3.00,4.00,1.00,0.00,Cost of Goods Sold,WOM-BRA-36B
2968232000000093381,Womens Bras 36C,WOM-BRA-36C,-2.00,3.00,0.00,1.00,Cost of Goods Sold,WOM-BRA-36C
2968232000000093392,Womens Bras 36D,WOM-BRA-36D,19.00,1.00,1.00,19.00,Cost of Goods Sold,WOM-BRA-36D
2968232000000093403,Womens Bras 36DD,WOM-BRA-36DD,-5.00,7.00,0.00,2.00,Cost of Goods Sold,WOM-BRA-36DD
2968232000000093414,Womens Bras 36DDD,WOM-BRA-36DDD,1.00,0.00,0.00,1.00,Cost of Goods Sold,WOM-BRA-36DDD
2968232000000093425,Womens Bras 38A,WOM-BRA-38A,0.00,0.00,0.00,0.00,Cost of Goods Sold,WOM-BRA-38A
2968232000000093436,Womens Bras 38B,WOM-BRA-38B,-3.00,3.00,0.00,0.00,Cost of Goods Sold,WOM-BRA-38B
2968232000000093447,Womens Bras 38C,WOM-BRA-38C,5.00,1.00,0.00,6.00,Cost of Goods Sold,WOM-BRA-38C
2968232000000093458,Womens Bras 38D,WOM-BRA-38D,3.00,0.00,0.00,3.00,Cost of Goods Sold,WOM-BRA-38D
2968232000000093469,Womens Bras 38DD,WOM-BRA-38DD,1.00,4.00,2.00,3.00,Cost of Goods Sold,WOM-BRA-38DD
2968232000000093480,Womens Bras 38DDD,WOM-BRA-38DDD,0.00,0.00,0.00,0.00,Cost of Goods Sold,WOM-BRA-38DDD
2968232000000093491,Womens Bras 40A,WOM-BRA-40A,0.00,0.00,0.00,0.00,Cost of Goods Sold,WOM-BRA-40A
2968232000000093502,Womens Bras 40B,WOM-BRA-40B,1.00,1.00,2.00,0.00,Cost of Goods Sold,WOM-BRA-40B
2968232000000093513,Womens Bras 40C,WOM-BRA-40C,10.00,1.00,0.00,11.00,Cost of Goods Sold,WOM-BRA-40C
2968232000000093524,Womens Bras 40D,WOM-BRA-40D,-2.00,2.00,0.00,0.00,Cost of Goods Sold,WOM-BRA-40D
2968232000000093535,Womens Bras 40DD,WOM-BRA-40DD,-2.00,2.00,0.00,0.00,Cost of Goods Sold,WOM-BRA-40DD
2968232000000093546,Womens Bras 40DDD,WOM-BRA-40DDD,0.00,0.00,0.00,0.00,Cost of Goods Sold,WOM-BRA-40DDD
2968232000000093557,Womens Bras 42A,WOM-BRA-42A,0.00,0.00,0.00,0.00,Cost of Goods Sold,WOM-BRA-42A
2968232000000093568,Womens Bras 42B,WOM-BRA-42B,-1.00,3.00,1.00,1.00,Cost of Goods Sold,WOM-BRA-42B
2968232000000093579,Womens Bras 42C,WOM-BRA-42C,10.00,0.00,0.00,10.00,Cost of Goods Sold,WOM-BRA-42C
2968232000000093590,Womens Bras 42D,WOM-BRA-42D,-1.00,1.00,0.00,0.00,Cost of Goods Sold,WOM-BRA-42D
2968232000000093601,Womens Bras 42DD,WOM-BRA-42DD,0.00,0.00,0.00,0.00,Cost of Goods Sold,WOM-BRA-42DD
2968232000000093612,Womens Bras 42DDD,WOM-BRA-42DDD,0.00,0.00,0.00,0.00,Cost of Goods Sold,WOM-BRA-42DDD
2968232000000093623,Womens Bras 44A,WOM-BRA-44A,0.00,0.00,0.00,0.00,Cost of Goods Sold,WOM-BRA-44A
2968232000000093634,Womens Bras 44B,WOM-BRA-44B,0.00,0.00,0.00,0.00,Cost of Goods Sold,WOM-BRA-44B
2968232000000093645,Womens Bras 44C,WOM-BRA-44C,0.00,1.00,1.00,0.00,Cost of Goods Sold,WOM-BRA-44C
2968232000000093656,Womens Bras 44D,WOM-BRA-44D,0.00,0.00,0.00,0.00,Cost of Goods Sold,WOM-BRA-44D
2968232000000093667,Womens Bras 44DD,WOM-BRA-44DD,0.00,0.00,0.00,0.00,Cost of Goods Sold,WOM-BRA-44DD
2968232000000093678,Womens Bras 44DDD,WOM-BRA-44DDD,-1.00,2.00,0.00,1.00,Cost of Goods Sold,WOM-BRA-44DDD
2968232000000093689,Womens Bras 46A,WOM-BRA-46A,0.00,0.00,0.00,0.00,Cost of Goods Sold,WOM-BRA-46A
2968232000000093700,Womens Bras 46B,WOM-BRA-46B,0.00,0.00,0.00,0.00,Cost of Goods Sold,WOM-BRA-46B
2968232000000093711,Womens Bras 46C,WOM-BRA-46C,0.00,0.00,0.00,0.00,Cost of Goods Sold,WOM-BRA-46C
2968232000000093722,Womens Bras 46D,WOM-BRA-46D,0.00,0.00,0.00,0.00,Cost of Goods Sold,WOM-BRA-46D
2968232000000093733,Womens Bras 46DD,WOM-BRA-46DD,-2.00,2.00,0.00,0.00,Cost of Goods Sold,WOM-BRA-46DD
2968232000000093744,Womens Bras 46DDD,WOM-BRA-46DDD,0.00,0.00,0.00,0.00,Cost of Goods Sold,WOM-BRA-46DDD
2968232000000093755,Womens Bras 48A,WOM-BRA-48A,0.00,0.00,0.00,0.00,Cost of Goods Sold,WOM-BRA-48A
2968232000000093766,Womens Bras 48B,WOM-BRA-48B,0.00,0.00,0.00,0.00,Cost of Goods Sold,WOM-BRA-48B
2968232000000093777,Womens Bras 48C,WOM-BRA-48C,0.00,0.00,0.00,0.00,Cost of Goods Sold,WOM-BRA-48C
2968232000000093788,Womens Bras 48D,WOM-BRA-48D,0.00,0.00,0.00,0.00,Cost of Goods Sold,WOM-BRA-48D
2968232000000093799,Womens Bras 48DD,WOM-BRA-48DD,0.00,0.00,0.00,0.00,Cost of Goods Sold,WOM-BRA-48DD
2968232000000093810,Womens Bras 48DDD,WOM-BRA-48DDD,-1.00,1.00,0.00,0.00,Cost of Goods Sold,WOM-BRA-48DDD
2968232000000093821,Womens Tops-Jacket X Small,WOM-JKT-XS,40.00,3.00,1.00,42.00,Cost of Goods Sold,WOM-JKT-XS
2968232000000093832,Womens Tops-Jacket Small,WOM-JKT-S,55.00,4.00,0.00,59.00,Cost of Goods Sold,WOM-JKT-S
2968232000000093843,Womens Tops-Jacket Medium,WOM-JKT-M,23.00,12.00,9.00,26.00,Cost of Goods Sold,WOM-JKT-M
2968232000000093854,Womens Tops-Jacket Large,WOM-JKT-L,4.00,5.00,1.00,8.00,Cost of Goods Sold,WOM-JKT-L
2968232000000093865,Womens Tops-Jacket X Large,WOM-JKT-XL,-1.00,11.00,4.00,6.00,Cost of Goods Sold,WOM-JKT-XL
2968232000000093876,Womens Tops-Jacket 2X Large,WOM-JKT-2XL,2.00,0.00,0.00,2.00,Cost of Goods Sold,WOM-JKT-2XL
2968232000000093887,Womens Tops-Jacket 3X Large,WOM-JKT-3XL,2.00,0.00,0.00,2.00,Cost of Goods Sold,WOM-JKT-3XL
2968232000000093898,Womens Tops-Jacket 4X Large,WOM-JKT-4XL,-1.00,0.00,1.00,-2.00,Cost of Goods Sold,WOM-JKT-4XL
2968232000000093909,Womens Tops-Jacket 5X Large,WOM-JKT-5XL,0.00,0.00,0.00,0.00,Cost of Goods Sold,WOM-JKT-5XL
2968232000000093920,Womens Coats X Small,WOM-COT-XS,11.00,0.00,0.00,11.00,Cost of Goods Sold,WOM-COT-XS
2968232000000093931,Womens Coats Small,WOM-COT-S,22.00,2.00,0.00,24.00,Cost of Goods Sold,WOM-COT-S
2968232000000093942,Womens Coats Medium,WOM-COT-M,5.00,1.00,0.00,6.00,Cost of Goods Sold,WOM-COT-M
2968232000000093953,Womens Coats Large,WOM-COT-L,3.00,2.00,0.00,5.00,Cost of Goods Sold,WOM-COT-L
2968232000000093964,Womens Coats X Large,WOM-COT-XL,-8.00,12.00,2.00,2.00,Cost of Goods Sold,WOM-COT-XL
2968232000000093975,Womens Coats 2X Large,WOM-COT-2XL,-2.00,2.00,0.00,0.00,Cost of Goods Sold,WOM-COT-2XL
2968232000000093986,Womens Coats 3X Large,WOM-COT-3XL,3.00,0.00,0.00,3.00,Cost of Goods Sold,WOM-COT-3XL
2968232000000093997,Womens Coats 4X Large,WOM-COT-4XL,1.00,0.00,0.00,1.00,Cost of Goods Sold,WOM-COT-4XL
2968232000000094008,Womens Coats 5X Large,WOM-COT-5XL,0.00,0.00,0.00,0.00,Cost of Goods Sold,WOM-COT-5XL
2968232000000094019,Junior Bottoms 1,WOM-BOT-01,-8.00,10.00,0.00,2.00,Cost of Goods Sold,WOM-BOT-01
2968232000000094030,Junior Bottoms 3,WOM-BOT-03,-10.00,19.00,0.00,9.00,Cost of Goods Sold,WOM-BOT-03
2968232000000094041,Junior Bottoms 5,WOM-BOT-05,-10.00,15.00,2.00,3.00,Cost of Goods Sold,WOM-BOT-05
2968232000000094052,Junior Bottoms 7,WOM-BOT-07,-7.00,17.00,9.00,1.00,Cost of Goods Sold,WOM-BOT-07
2968232000000094063,Junior Bottoms 9,WOM-BOT-09,-11.00,18.00,5.00,2.00,Cost of Goods Sold,WOM-BOT-09
2968232000000094074,Junior Bottoms 11,WOM-BOT-11,2.00,2.00,0.00,4.00,Cost of Goods Sold,WOM-BOT-11
2968232000000094085,Junior Bottoms 13,WOM-BOT-13,-9.00,10.00,0.00,1.00,Cost of Goods Sold,WOM-BOT-13
2968232000000094096,Junior Bottoms 15,WOM-BOT-15,-3.00,5.00,0.00,2.00,Cost of Goods Sold,WOM-BOT-15
2968232000000094107,Junior Bottoms 17,WOM-BOT-17,-11.00,12.00,0.00,1.00,Cost of Goods Sold,WOM-BOT-17
2968232000000094118,Junior Bottoms 19,WOM-BOT-19,-4.00,4.00,0.00,0.00,Cost of Goods Sold,WOM-BOT-19
2968232000000094129,Boys Accessories,BOY-ACC-NA,11.00,0.00,0.00,11.00,Cost of Goods Sold,BOY-ACC-NA
2968232000000094140,Girls Accessories,GRL-ACC-NA,7.00,0.00,0.00,7.00,Cost of Goods Sold,GRL-ACC-NA
2968232000000094151,Mens Accessories,MEN-ACC-NA,0.00,0.00,0.00,0.00,Cost of Goods Sold,MEN-ACC-NA
2968232000000094162,Womens Accessories,WOM-ACC-NA,2.00,0.00,0.00,2.00,Cost of Goods Sold,WOM-ACC-NA
2968232000000094173,Boys Tops-Short-Sleeve 0-3 months,BOY-TSS-000M,7.00,0.00,0.00,7.00,Cost of Goods Sold,BOY-TSS-000M
2968232000000094184,Boys Tops-Short-Sleeve 3-6 months,BOY-TSS-003M,-1.00,137.00,0.00,136.00,Cost of Goods Sold,BOY-TSS-003M
2968232000000094195,Boys Tops-Short-Sleeve 6-9 months,BOY-TSS-006M,12.00,0.00,0.00,12.00,Cost of Goods Sold,BOY-TSS-006M
2968232000000094206,Boys Tops-Short-Sleeve 9-12 months,BOY-TSS-009M,-6.00,173.00,3.00,164.00,Cost of Goods Sold,BOY-TSS-009M
2968232000000094217,Boys Tops-Short-Sleeve 12 months,BOY-TSS-012M,18.00,0.00,0.00,18.00,Cost of Goods Sold,BOY-TSS-012M
2968232000000094228,Boys Tops-Short-Sleeve 18 months,BOY-TSS-018M,5.00,0.00,0.00,5.00,Cost of Goods Sold,BOY-TSS-018M
2968232000000094239,Boys Tops-Short-Sleeve 24 months/2T,BOY-TSS-02T,49.00,0.00,0.00,49.00,Cost of Goods Sold,BOY-TSS-02T
2968232000000094250,Boys Tops-Short-Sleeve 3T,BOY-TSS-03T,36.00,0.00,0.00,36.00,Cost of Goods Sold,BOY-TSS-03T
2968232000000094261,Boys Tops-Short-Sleeve 4T,BOY-TSS-04T,200.00,0.00,17.00,183.00,Cost of Goods Sold,BOY-TSS-04T
2968232000000094272,Boys Tops-Short-Sleeve 5T/5,BOY-TSS-05T,15.00,22.00,16.00,21.00,Cost of Goods Sold,BOY-TSS-05T
2968232000000094283,Boys Tops-Short-Sleeve 6,BOY-TSS-06,520.00,6.00,0.00,526.00,Cost of Goods Sold,BOY-TSS-06
2968232000000094294,Boys Tops-Short-Sleeve 7 (Small),BOY-TSS-07,47.00,4.00,8.00,43.00,Cost of Goods Sold,BOY-TSS-07
2968232000000094305,Boys Tops-Short-Sleeve 8 (Small),BOY-TSS-08,32.00,9.00,37.00,4.00,Cost of Goods Sold,BOY-TSS-08
2968232000000094316,Boys Tops-Short-Sleeve 10 (Med),BOY-TSS-10,78.00,16.00,33.00,61.00,Cost of Goods Sold,BOY-TSS-10
2968232000000094327,Boys Tops-Short-Sleeve 12 (Med),BOY-TSS-12,19.00,3.00,10.00,12.00,Cost of Goods Sold,BOY-TSS-12
2968232000000094338,Boys Tops-Short-Sleeve 14 (Large),BOY-TSS-14,156.00,13.00,34.00,135.00,Cost of Goods Sold,BOY-TSS-14
2968232000000094349,Boys Tops-Short-Sleeve 16 (Large),BOY-TSS-16,-1.00,7.00,4.00,2.00,Cost of Goods Sold,BOY-TSS-16
2968232000000094360,Boys Tops-Short-Sleeve 18 (XL),BOY-TSS-18,221.00,2.00,24.00,199.00,Cost of Goods Sold,BOY-TSS-18
2968232000000094371,Boys Tops-Short-Sleeve 20 (XL),BOY-TSS-20,2.00,0.00,0.00,2.00,Cost of Goods Sold,BOY-TSS-20
2968232000000094382,Girls Tops-Short-Sleeve 0-3 months,GRL-TSS-000M,0.00,0.00,0.00,0.00,Cost of Goods Sold,GRL-TSS-000M
2968232000000094393,Girls Tops-Short-Sleeve 3-6 months,GRL-TSS-003M,7.00,0.00,4.00,3.00,Cost of Goods Sold,GRL-TSS-003M
2968232000000094404,Girls Tops-Short-Sleeve 6-9 months,GRL-TSS-006M,-2.00,121.00,0.00,119.00,Cost of Goods Sold,GRL-TSS-006M
2968232000000094415,Girls Tops-Short-Sleeve 9-12 months,GRL-TSS-009M,-4.00,83.00,0.00,79.00,Cost of Goods Sold,GRL-TSS-009M
2968232000000094426,Girls Tops-Short-Sleeve 12 months,GRL-TSS-012M,-16.00,152.00,0.00,136.00,Cost of Goods Sold,GRL-TSS-012M
2968232000000094437,Girls Tops-Short-Sleeve 18 months,GRL-TSS-018M,-15.00,73.00,6.00,52.00,Cost of Goods Sold,GRL-TSS-018M
2968232000000094448,Girls Tops-Short-Sleeve 24 months/2T,GRL-TSS-02T,-19.00,44.00,6.00,19.00,Cost of Goods Sold,GRL-TSS-02T
2968232000000094459,Girls Tops-Short-Sleeve 3T,GRL-TSS-03T,0.00,0.00,0.00,0.00,Cost of Goods Sold,GRL-TSS-03T
2968232000000094470,Girls Tops-Short-Sleeve 4T,GRL-TSS-04T,-30.00,130.00,9.00,91.00,Cost of Goods Sold,GRL-TSS-04T
2968232000000094481,Girls Tops-Short-Sleeve 5T/5,GRL-TSS-05T,26.00,13.00,20.00,19.00,Cost of Goods Sold,GRL-TSS-05T
2968232000000094492,Girls Tops-Short-Sleeve 6,GRL-TSS-06,46.00,14.00,18.00,42.00,Cost of Goods Sold,GRL-TSS-06
2968232000000094503,Girls Tops-Short-Sleeve 7 (Small),GRL-TSS-07,375.00,16.00,27.00,364.00,Cost of Goods Sold,GRL-TSS-07
2968232000000094514,Girls Tops-Short-Sleeve 8 (Small),GRL-TSS-08,-57.00,67.00,2.00,8.00,Cost of Goods Sold,GRL-TSS-08
2968232000000094525,Girls Tops-Short-Sleeve 10 (Med),GRL-TSS-10,493.00,18.00,30.00,481.00,Cost of Goods Sold,GRL-TSS-10
2968232000000094536,Girls Tops-Short-Sleeve 12 (Med),GRL-TSS-12,-43.00,55.00,10.00,2.00,Cost of Goods Sold,GRL-TSS-12
2968232000000094547,Girls Tops-Short-Sleeve 14 (Large),GRL-TSS-14,388.00,26.00,18.00,396.00,Cost of Goods Sold,GRL-TSS-14
2968232000000094558,Girls Tops-Short-Sleeve 16 (Large),GRL-TSS-16,14.00,3.00,6.00,11.00,Cost of Goods Sold,GRL-TSS-16
2968232000000094569,Girls Tops-Short-Sleeve 18 (XL),GRL-TSS-18,30.00,3.00,7.00,26.00,Cost of Goods Sold,GRL-TSS-18
2968232000000094580,Girls Tops-Short-Sleeve 20 (XL),GRL-TSS-20,7.00,0.00,0.00,7.00,Cost of Goods Sold,GRL-TSS-20
2968232000000094591,Mens Tops-Short-Sleeve X Small,MEN-TSS-XS,1.00,0.00,0.00,1.00,Cost of Goods Sold,MEN-TSS-XS
2968232000000094602,Mens Tops-Short-Sleeve Small,MEN-TSS-S,225.00,0.00,14.00,211.00,Cost of Goods Sold,MEN-TSS-S
2968232000000094613,Mens Tops-Short-Sleeve Medium,MEN-TSS-M,106.00,23.00,24.00,105.00,Cost of Goods Sold,MEN-TSS-M
2968232000000094624,Mens Tops-Short-Sleeve Large,MEN-TSS-L,149.00,0.00,28.00,121.00,Cost of Goods Sold,MEN-TSS-L
2968232000000094635,Mens Tops-Short-Sleeve X Large,MEN-TSS-XL,298.00,0.00,20.00,278.00,Cost of Goods Sold,MEN-TSS-XL
2968232000000094646,Mens Tops-Short-Sleeve 2X Large,MEN-TSS-2XL,11.00,6.00,1.00,16.00,Cost of Goods Sold,MEN-TSS-2XL
2968232000000094657,Mens Tops-Short-Sleeve 3X Large,MEN-TSS-3XL,7.00,0.00,0.00,7.00,Cost of Goods Sold,MEN-TSS-3XL
2968232000000094668,Mens Tops-Short-Sleeve 4X Large,MEN-TSS-4XL,8.00,0.00,0.00,8.00,Cost of Goods Sold,MEN-TSS-4XL
2968232000000094679,Mens Tops-Short-Sleeve 5X Large,MEN-TSS-5XL,6.00,0.00,0.00,6.00,Cost of Goods Sold,MEN-TSS-5XL
2968232000000094690,Womens Tops-Short-Sleeve X Small,WOM-TSS-XS,351.00,29.00,6.00,374.00,Cost of Goods Sold,WOM-TSS-XS
2968232000000094701,Womens Tops-Short-Sleeve Small,WOM-TSS-S,286.00,87.00,2.00,371.00,Cost of Goods Sold,WOM-TSS-S
2968232000000094712,Womens Tops-Short-Sleeve Medium,WOM-TSS-M,98.00,130.00,68.00,160.00,Cost of Goods Sold,WOM-TSS-M
2968232000000094723,Womens Tops-Short-Sleeve Large,WOM-TSS-L,28.00,91.00,17.00,102.00,Cost of Goods Sold,WOM-TSS-L
2968232000000094734,Womens Tops-Short-Sleeve X Large,WOM-TSS-XL,7.00,67.00,17.00,57.00,Cost of Goods Sold,WOM-TSS-XL
2968232000000094745,Womens Tops-Short-Sleeve 2X Large,WOM-TSS-2XL,-1.00,22.00,6.00,15.00,Cost of Goods Sold,WOM-TSS-2XL
2968232000000094756,Womens Tops-Short-Sleeve 3X Large,WOM-TSS-3XL,2.00,4.00,0.00,6.00,Cost of Goods Sold,WOM-TSS-3XL
2968232000000094767,Womens Tops-Short-Sleeve 4X Large,WOM-TSS-4XL,-3.00,7.00,3.00,1.00,Cost of Goods Sold,WOM-TSS-4XL
2968232000000094778,Womens Tops-Short-Sleeve 5X Large,WOM-TSS-5XL,7.00,0.00,0.00,7.00,Cost of Goods Sold,WOM-TSS-5XL
2968232000000094789,Boys Bottoms-Short 0-3 months,BOY-SHT-000M,1.00,0.00,0.00,1.00,Cost of Goods Sold,BOY-SHT-000M
2968232000000094800,Boys Bottoms-Short 3-6 months,BOY-SHT-003M,-1.00,51.00,0.00,50.00,Cost of Goods Sold,BOY-SHT-003M
2968232000000094811,Boys Bottoms-Short 6-9 months,BOY-SHT-006M,12.00,0.00,0.00,12.00,Cost of Goods Sold,BOY-SHT-006M
2968232000000094822,Boys Bottoms-Short 9-12 months,BOY-SHT-009M,0.00,57.00,2.00,55.00,Cost of Goods Sold,BOY-SHT-009M
2968232000000094833,Boys Bottoms-Short 12 months,BOY-SHT-012M,27.00,0.00,0.00,27.00,Cost of Goods Sold,BOY-SHT-012M
2968232000000094844,Boys Bottoms-Short 18 months,BOY-SHT-018M,25.00,0.00,0.00,25.00,Cost of Goods Sold,BOY-SHT-018M
2968232000000094855,Boys Bottoms-Short 24 months/2T,BOY-SHT-02T,21.00,0.00,0.00,21.00,Cost of Goods Sold,BOY-SHT-02T
2968232000000094866,Boys Bottoms-Short 3T,BOY-SHT-03T,4.00,0.00,0.00,4.00,Cost of Goods Sold,BOY-SHT-03T
2968232000000094877,Boys Bottoms-Short 4T,BOY-SHT-04T,-11.00,106.00,6.00,89.00,Cost of Goods Sold,BOY-SHT-04T
2968232000000094888,Boys Bottoms-Short 5,BOY-SHT-05,131.00,6.00,14.00,123.00,Cost of Goods Sold,BOY-SHT-05
2968232000000094899,Boys Bottoms-Short 6,BOY-SHT-06,323.00,9.00,0.00,332.00,Cost of Goods Sold,BOY-SHT-06
2968232000000094910,Boys Bottoms-Short 7 (Small),BOY-SHT-07,178.00,3.00,13.00,168.00,Cost of Goods Sold,BOY-SHT-07
2968232000000094921,Boys Bottoms-Short 8 (Small),BOY-SHT-08,278.00,8.00,7.00,279.00,Cost of Goods Sold,BOY-SHT-08
2968232000000094932,Boys Bottoms-Short 10 (Med),BOY-SHT-10,412.00,4.00,8.00,408.00,Cost of Goods Sold,BOY-SHT-10
2968232000000094943,Boys Bottoms-Short 12 (Med),BOY-SHT-12,82.00,14.00,13.00,83.00,Cost of Goods Sold,BOY-SHT-12
2968232000000094954,Boys Bottoms-Short 14 (Large),BOY-SHT-14,371.00,1.00,16.00,356.00,Cost of Goods Sold,BOY-SHT-14
2968232000000094965,Boys Bottoms-Short 16 (Large),BOY-SHT-16,76.00,3.00,5.00,74.00,Cost of Goods Sold,BOY-SHT-16
2968232000000094976,Boys Bottoms-Short 18 (XL),BOY-SHT-18,32.00,1.00,8.00,25.00,Cost of Goods Sold,BOY-SHT-18
2968232000000094987,Boys Bottoms-Short 20 (XL),BOY-SHT-20,0.00,0.00,0.00,0.00,Cost of Goods Sold,BOY-SHT-20
2968232000000094998,Girls Bottoms-Short 0-3 months,GRL-SHT-000M,1.00,0.00,0.00,1.00,Cost of Goods Sold,GRL-SHT-000M
2968232000000095009,Girls Bottoms-Short 3-6 months,GRL-SHT-003M,2.00,0.00,1.00,1.00,Cost of Goods Sold,GRL-SHT-003M
2968232000000095020,Girls Bottoms-Short 6-9 months,GRL-SHT-006M,-2.00,0.00,0.00,-2.00,Cost of Goods Sold,GRL-SHT-006M
2968232000000095031,Girls Bottoms-Short 9-12 months,GRL-SHT-009M,-2.00,21.00,0.00,19.00,Cost of Goods Sold,GRL-SHT-009M
2968232000000095042,Girls Bottoms-Short 12 months,GRL-SHT-012M,4.00,0.00,0.00,4.00,Cost of Goods Sold,GRL-SHT-012M
2968232000000095053,Girls Bottoms-Short 18 months,GRL-SHT-018M,1.00,0.00,0.00,1.00,Cost of Goods Sold,GRL-SHT-018M
2968232000000095064,Girls Bottoms-Short 24 months/2T,GRL-SHT-02T,-1.00,101.00,2.00,98.00,Cost of Goods Sold,GRL-SHT-02T
2968232000000095075,Girls Bottoms-Short 3T,GRL-SHT-03T,6.00,0.00,2.00,4.00,Cost of Goods Sold,GRL-SHT-03T
2968232000000095086,Girls Bottoms-Short 4T,GRL-SHT-04T,10.00,0.00,0.00,10.00,Cost of Goods Sold,GRL-SHT-04T
2968232000000095097,Girls Bottoms-Short 5T/5,GRL-SHT-05T,189.00,1.00,7.00,183.00,Cost of Goods Sold,GRL-SHT-05T
2968232000000095108,Girls Bottoms-Short 6,GRL-SHT-06,246.00,4.00,9.00,241.00,Cost of Goods Sold,GRL-SHT-06
2968232000000095119,Girls Bottoms-Short 7 (Small),GRL-SHT-07,425.00,3.00,3.00,425.00,Cost of Goods Sold,GRL-SHT-07
2968232000000095130,Girls Bottoms-Short 8 (Small),GRL-SHT-08,46.00,0.00,5.00,41.00,Cost of Goods Sold,GRL-SHT-08
2968232000000095141,Girls Bottoms-Short 10 (Med),GRL-SHT-10,634.00,2.00,15.00,621.00,Cost of Goods Sold,GRL-SHT-10
2968232000000095152,Girls Bottoms-Short 12 (Med),GRL-SHT-12,79.00,7.00,5.00,81.00,Cost of Goods Sold,GRL-SHT-12
2968232000000095163,Girls Bottoms-Short 14 (Large),GRL-SHT-14,151.00,2.00,6.00,147.00,Cost of Goods Sold,GRL-SHT-14
2968232000000095174,Girls Bottoms-Short 16 (Large),GRL-SHT-16,24.00,0.00,6.00,18.00,Cost of Goods Sold,GRL-SHT-16
2968232000000095185,Girls Bottoms-Short 18 (XL),GRL-SHT-18,38.00,0.00,2.00,36.00,Cost of Goods Sold,GRL-SHT-18
2968232000000095196,Girls Bottoms-Short 20 (XL),GRL-SHT-20,0.00,0.00,0.00,0.00,Cost of Goods Sold,GRL-SHT-20
2968232000000095207,Mens Bottoms-Short 28,MEN-SHT-28,14.00,0.00,6.00,8.00,Cost of Goods Sold,MEN-SHT-28
2968232000000095218,Mens Bottoms-Short 29,MEN-SHT-29,10.00,0.00,0.00,10.00,Cost of Goods Sold,MEN-SHT-29
2968232000000095229,Mens Bottoms-Short 30,MEN-SHT-30,45.00,3.00,0.00,48.00,Cost of Goods Sold,MEN-SHT-30
2968232000000095240,Mens Bottoms-Short 32,MEN-SHT-32,35.00,0.00,7.00,28.00,Cost of Goods Sold,MEN-SHT-32
2968232000000095251,Mens Bottoms-Short 34,MEN-SHT-34,23.00,6.00,2.00,27.00,Cost of Goods Sold,MEN-SHT-34
2968232000000095262,Mens Bottoms-Short 35,MEN-SHT-35,1.00,0.00,0.00,1.00,Cost of Goods Sold,MEN-SHT-35
2968232000000095273,Mens Bottoms-Short 36,MEN-SHT-36,45.00,9.00,1.00,53.00,Cost of Goods Sold,MEN-SHT-36
2968232000000095284,Mens Bottoms-Short 38,MEN-SHT-38,35.00,0.00,2.00,33.00,Cost of Goods Sold,MEN-SHT-38
2968232000000095295,Mens Bottoms-Short 40,MEN-SHT-40,23.00,0.00,0.00,23.00,Cost of Goods Sold,MEN-SHT-40
2968232000000095306,Mens Bottoms-Short 42,MEN-SHT-42,31.00,0.00,2.00,29.00,Cost of Goods Sold,MEN-SHT-42
2968232000000095317,Mens Bottoms-Short 44,MEN-SHT-44,10.00,0.00,0.00,10.00,Cost of Goods Sold,MEN-SHT-44
2968232000000095328,Mens Bottoms-Short 46,MEN-SHT-46,5.00,0.00,0.00,5.00,Cost of Goods Sold,MEN-SHT-46
2968232000000095339,Mens Bottoms-Short 48,MEN-SHT-48,2.00,0.00,0.00,2.00,Cost of Goods Sold,MEN-SHT-48
2968232000000095350,Womens Bottoms-Short 0,WOM-SHT-00,53.00,6.00,0.00,59.00,Cost of Goods Sold,WOM-SHT-00
2968232000000095361,Womens Bottoms-Short 2,WOM-SHT-02,81.00,6.00,0.00,87.00,Cost of Goods Sold,WOM-SHT-02
2968232000000095372,Womens Bottoms-Short 4,WOM-SHT-04,179.00,5.00,0.00,184.00,Cost of Goods Sold,WOM-SHT-04
2968232000000095383,Womens Bottoms-Short 6,WOM-SHT-06,152.00,3.00,0.00,155.00,Cost of Goods Sold,WOM-SHT-06
2968232000000095394,Womens Bottoms-Short 8,WOM-SHT-08,155.00,5.00,5.00,155.00,Cost of Goods Sold,WOM-SHT-08
2968232000000095405,Womens Bottoms-Short 10,WOM-SHT-10,117.00,9.00,5.00,121.00,Cost of Goods Sold,WOM-SHT-10
2968232000000095416,Womens Bottoms-Short 12,WOM-SHT-12,37.00,0.00,4.00,33.00,Cost of Goods Sold,WOM-SHT-12
2968232000000095427,Womens Bottoms-Short 14,WOM-SHT-14,72.00,8.00,4.00,76.00,Cost of Goods Sold,WOM-SHT-14
2968232000000095438,Womens Bottoms-Short 16,WOM-SHT-16,39.00,0.00,5.00,34.00,Cost of Goods Sold,WOM-SHT-16
2968232000000095449,Womens Bottoms-Short 18,WOM-SHT-18,4.00,5.00,0.00,9.00,Cost of Goods Sold,WOM-SHT-18
2968232000000095460,Womens Bottoms-Short 20,WOM-SHT-20,30.00,1.00,0.00,31.00,Cost of Goods Sold,WOM-SHT-20
2968232000000095471,Womens Bottoms-Short 22,WOM-SHT-22,0.00,0.00,0.00,0.00,Cost of Goods Sold,WOM-SHT-22
2968232000000095482,Junior Bottoms-Short 1,WOM-SHT-01,-3.00,4.00,0.00,1.00,Cost of Goods Sold,WOM-SHT-01
2968232000000095493,Junior Bottoms-Short 3,WOM-SHT-03,11.00,0.00,0.00,11.00,Cost of Goods Sold,WOM-SHT-03
2968232000000095504,Junior Bottoms-Short 5,WOM-SHT-05,4.00,0.00,2.00,2.00,Cost of Goods Sold,WOM-SHT-05
2968232000000095515,Junior Bottoms-Short 7,WOM-SHT-07,5.00,2.00,6.00,1.00,Cost of Goods Sold,WOM-SHT-07
2968232000000095526,Junior Bottoms-Short 9,WOM-SHT-09,1.00,6.00,2.00,5.00,Cost of Goods Sold,WOM-SHT-09
2968232000000095537,Junior Bottoms-Short 11,WOM-SHT-11,2.00,0.00,1.00,1.00,Cost of Goods Sold,WOM-SHT-11
2968232000000095548,Junior Bottoms-Short 13,WOM-SHT-13,2.00,0.00,0.00,2.00,Cost of Goods Sold,WOM-SHT-13
2968232000000095559,Junior Bottoms-Short 15,WOM-SHT-15,-5.00,5.00,0.00,0.00,Cost of Goods Sold,WOM-SHT-15
2968232000000095570,Junior Bottoms-Short 17,WOM-SHT-17,0.00,0.00,0.00,0.00,Cost of Goods Sold,WOM-SHT-17
2968232000000095581,Junior Bottoms-Short 19,WOM-SHT-19,0.00,0.00,0.00,0.00,Cost of Goods Sold,WOM-SHT-19
2968232000000095592,Girls Bottoms-Skirts 0-3 months,GRL-SKT-000M,0.00,0.00,0.00,0.00,Cost of Goods Sold,GRL-SKT-000M
2968232000000095603,Girls Bottoms-Skirts 3-6 months,GRL-SKT-003M,0.00,6.00,1.00,5.00,Cost of Goods Sold,GRL-SKT-003M
2968232000000095614,Girls Bottoms-Skirts 6-9 months,GRL-SKT-006M,1.00,0.00,0.00,1.00,Cost of Goods Sold,GRL-SKT-006M
2968232000000095625,Girls Bottoms-Skirts 9-12 months,GRL-SKT-009M,0.00,0.00,0.00,0.00,Cost of Goods Sold,GRL-SKT-009M
2968232000000095636,Girls Bottoms-Skirts 12 months,GRL-SKT-012M,3.00,0.00,0.00,3.00,Cost of Goods Sold,GRL-SKT-012M
2968232000000095647,Girls Bottoms-Skirts 18 months,GRL-SKT-018M,-1.00,33.00,0.00,32.00,Cost of Goods Sold,GRL-SKT-018M
2968232000000095658,Girls Bottoms-Skirts 24 months/2T,GRL-SKT-02T,1.00,0.00,0.00,1.00,Cost of Goods Sold,GRL-SKT-02T
2968232000000095669,Girls Bottoms-Skirts 3T,GRL-SKT-03T,1.00,0.00,0.00,1.00,Cost of Goods Sold,GRL-SKT-03T
2968232000000095680,Girls Bottoms-Skirts 4T,GRL-SKT-04T,8.00,0.00,0.00,8.00,Cost of Goods Sold,GRL-SKT-04T
2968232000000095691,Girls Bottoms-Skirts 5T/5,GRL-SKT-05T,128.00,0.00,0.00,128.00,Cost of Goods Sold,GRL-SKT-05T
2968232000000095702,Girls Bottoms-Skirts 6,GRL-SKT-06,301.00,1.00,0.00,302.00,Cost of Goods Sold,GRL-SKT-06
2968232000000095713,Girls Bottoms-Skirts 7 (Small),GRL-SKT-07,142.00,0.00,0.00,142.00,Cost of Goods Sold,GRL-SKT-07
2968232000000095724,Girls Bottoms-Skirts 8 (Small),GRL-SKT-08,97.00,0.00,1.00,96.00,Cost of Goods Sold,GRL-SKT-08
2968232000000095735,Girls Bottoms-Skirts 10 (Med),GRL-SKT-10,189.00,0.00,0.00,189.00,Cost of Goods Sold,GRL-SKT-10
2968232000000095746,Girls Bottoms-Skirts 12 (Med),GRL-SKT-12,0.00,0.00,0.00,0.00,Cost of Goods Sold,GRL-SKT-12
2968232000000095757,Girls Bottoms-Skirts 14 (Large),GRL-SKT-14,75.00,0.00,0.00,75.00,Cost of Goods Sold,GRL-SKT-14
2968232000000095768,Girls Bottoms-Skirts 16 (Large),GRL-SKT-16,4.00,0.00,0.00,4.00,Cost of Goods Sold,GRL-SKT-16
2968232000000095779,Girls Bottoms-Skirts 18 (XL),GRL-SKT-18,5.00,0.00,0.00,5.00,Cost of Goods Sold,GRL-SKT-18
2968232000000095790,Girls Bottoms-Skirts 20 (XL),GRL-SKT-20,0.00,0.00,0.00,0.00,Cost of Goods Sold,GRL-SKT-20
2968232000000095812,Womens Bottoms-Skirts 0-2 (XS),WOM-SKT-02,22.00,0.00,0.00,22.00,Cost of Goods Sold,WOM-SKT-02
2968232000000095823,Womens Bottoms-Skirts 4-6 (Small),WOM-SKT-04,16.00,0.00,0.00,16.00,Cost of Goods Sold,WOM-SKT-04
2968232000000095845,Womens Bottoms-Skirts 8-10 (Med),WOM-SKT-08,9.00,0.00,0.00,9.00,Cost of Goods Sold,WOM-SKT-08
2968232000000095867,Womens Bottoms-Skirts 12-14 (Large),WOM-SKT-12,6.00,0.00,0.00,6.00,Cost of Goods Sold,WOM-SKT-12
2968232000000095889,Womens Bottoms-Skirts 16-20 (XL/XXL),WOM-SKT-16,0.00,0.00,0.00,0.00,Cost of Goods Sold,WOM-SKT-16
2968232000000095922,Womens Bottoms-Skirts 22-24 (3XL/4XL),WOM-SKT-22,2.00,0.00,0.00,2.00,Cost of Goods Sold,WOM-SKT-22
2968232000000233191,Womens Tops Maternity XS-S,WOM-TOP-MAT XS-S,18.00,0.00,0.00,18.00,Cost of Goods Sold,WOM-TOP-MAT XS-S
2968232000000233224,Womens Tops Maternity Med,WOM-TOP-MAT M,5.00,0.00,0.00,5.00,Cost of Goods Sold,WOM-TOP-MAT M
2968232000000233251,Womens Top Maternity L-XL,WOM-TOP-MAT L-XL,6.00,0.00,0.00,6.00,Cost of Goods Sold,WOM-TOP-MAT L-XL
2968232000000233278,Womens Top Maternity XXL,WOM-TOP-MAT XXL,1.00,0.00,0.00,1.00,Cost of Goods Sold,WOM-TOP-MAT XXL
2968232000000233453,Mens Bottom Athletic Small,MEN-SHT-ATH S,20.00,5.00,0.00,25.00,Cost of Goods Sold,MEN-SHT-ATH S
2968232000000233464,Mens Bottom Athletic Medium,MEN-BOT-ATH M,9.00,10.00,0.00,19.00,Cost of Goods Sold,MEN-BOT-ATH M
2968232000000233475,Mens Bottom Athletic L,MEN-BOT-ATH L,22.00,6.00,3.00,25.00,Cost of Goods Sold,MEN-BOT-ATH L
2968232000000233486,Mens Bottom Athletic XL,MEN-BOT-ATH XL,7.00,1.00,1.00,7.00,Cost of Goods Sold,MEN-BOT-ATH XL
2968232000000233497,Mens Bottom Athletic XXL,MEN-BOT-ATH XXL,4.00,0.00,0.00,4.00,Cost of Goods Sold,MEN-BOT-ATH XXL
2968232000000233508,Mens Bottom Athletic 3XL,MEN-BOT-ATH 3XL,0.00,0.00,0.00,0.00,Cost of Goods Sold,MEN-BOT-ATH 3XL
2968232000000233519,Mens Bottom Athletic 4XL,MEN-BOT-ATH 4XL,4.00,0.00,0.00,4.00,Cost of Goods Sold,MEN-BOT-ATH 4XL
2968232000000233530,Mens Bottom Athletic 5XL,MEN-BOT-ATH5XL,5.00,0.00,0.00,5.00,Cost of Goods Sold,MEN-BOT-ATH5XL
2968232000000233545,Mens Bottom Athletic Shorts Small,MEN-BOT-ATH-SHT S,26.00,5.00,3.00,28.00,Cost of Goods Sold,MEN-BOT-ATH-SHT S
2968232000000233556,Mens Bottom Athletic Shorts Med,MEN-SHT-ATH M,28.00,3.00,2.00,29.00,Cost of Goods Sold,MEN-SHT-ATH M
2968232000000233567,Mens Bottom Athletic Shorts Large,MEN-SHT-ATH L,83.00,8.00,6.00,85.00,Cost of Goods Sold,MEN-SHT-ATH L
2968232000000233578,Mens Bottom Athletic 6XL,MEN-BOT-ATH 6XL,0.00,0.00,0.00,0.00,Cost of Goods Sold,MEN-BOT-ATH 6XL
2968232000000233589,Mens Bottom Athletic Shorts XXL,MEN-BOT-ATH-SHT XXL,0.00,0.00,0.00,0.00,Cost of Goods Sold,MEN-BOT-ATH-SHT XXL
2968232000000234140,Mens Bottoms Athletic Shorts XL,MEN-SHT-ATH XL,14.00,0.00,5.00,9.00,Cost of Goods Sold,MEN-SHT-ATH XL
2968232000000234151,Mens Bottoms Athletic Shorts 4XL,MEN-SHT-ATH 4XL,12.00,0.00,0.00,12.00,Cost of Goods Sold,MEN-SHT-ATH 4XL
2968232000000234162,Mens Bottoms Athletic Shorts 3XL,MEN-SHT-ATH 3XL,32.00,0.00,0.00,32.00,Cost of Goods Sold,MEN-SHT-ATH 3XL
2968232000000234173,Mens Athletic Shorts 5XL,MEN-SHT-ATH 5XL,0.00,0.00,0.00,0.00,Cost of Goods Sold,MEN-SHT-ATH 5XL
2968232000000234184,Mens Athletic Shorts 6XL,MEN-SHT-ATH 6XL,1.00,0.00,0.00,1.00,Cost of Goods Sold,MEN-SHT-ATH 6XL
2968232000000234870,Womens Underwear 7 (Pant Size 10-14),WOM-UND-07,34.00,0.00,30.00,4.00,Cost of Goods Sold,WOM-UND-07
2968232000000234897,Womens Underwear 9 (Pant Size 16-18),WOM-UND-09,113.00,0.00,10.00,103.00,Cost of Goods Sold,WOM-UND-09
2968232000000234924,Womens Underwear 11 (Pant Size 20-22),WOM-UND-11,-37.00,0.00,1.00,-38.00,Cost of Goods Sold,WOM-UND-11
2968232000000234951,Womens Underwear 13 (Pant Size 24-26),WOM-UND-13,-14.00,0.00,0.00,-14.00,Cost of Goods Sold,WOM-UND-13
2968232000000235031,Womens Underwear 5 (Pant Size 4-8),WOM-UND-05,-30.00,0.00,15.00,-45.00,Cost of Goods Sold,WOM-UND-05
2968232000000310934,Womens Bottoms-Short 24,WOM-SHT-24,29.00,0.00,2.00,27.00,Cost of Goods Sold,WOM-SHT-24
2968232000000310949,Womens Bottoms-Short 26,WOM-SHT-26,0.00,0.00,0.00,0.00,Cost of Goods Sold,WOM-SHT-26
2968232000000310960,Womens Bottoms-Short 28,WOM-SHT-28,0.00,0.00,0.00,0.00,Cost of Goods Sold,WOM-SHT-28
2968232000000310979,28 (4XL) Womens Bottoms,WOM-BOT-28,9.00,0.00,0.00,9.00,Cost of Goods Sold,WOM-BOT-28
2968232000000310990,30 Womens Bottoms,WOM-BOT-30,0.00,0.00,0.00,0.00,Cost of Goods Sold,WOM-BOT-30
2968232000000351001,32 Womens Bottoms,WOM-BOT-32,2.00,0.00,0.00,2.00,Cost of Goods Sold,WOM-BOT-32
2968232000000351698,Boys Newborn Bottom,BOY-BOT-NEW,79.00,0.00,5.00,74.00,Cost of Goods Sold,BOY-BOT-NEW
2968232000000351727,Boys Newborn Top,BOY-TOP-NEW,103.00,0.00,10.00,93.00,Cost of Goods Sold,BOY-TOP-NEW
2968232000000351756,Boy-Bottom-Preemie,BOY-BOT-PRE,19.00,0.00,0.00,19.00,Cost of Goods Sold,BOY-BOT-PRE
2968232000000351785,Boy-Top-Preemie,BOY-TOP-PRE,13.00,0.00,0.00,13.00,Cost of Goods Sold,BOY-TOP-PRE
2968232000000368166,Girls-Bottoms-Preemie,GRL-BOT-PREE,15.00,0.00,0.00,15.00,Cost of Goods Sold,GRL-BOT-PREE
2968232000000368195,Girls-Tops-Preemie,GRL-TOP-PREE,22.00,0.00,0.00,22.00,Cost of Goods Sold,GRL-TOP-PREE
2968232000000368224,Girl Bottom Newborn,GRL-BOT-NEW,119.00,0.00,5.00,114.00,Cost of Goods Sold,GRL-BOT-NEW
2968232000000368253,Girl Newborn Top,GRL-TOP-NEW,154.00,0.00,10.00,144.00,Cost of Goods Sold,GRL-TOP-NEW
2968232000000368594,Womens Bottoms Maternity XS-S,WOM-BOT-MAT XS-S,10.00,0.00,0.00,10.00,Cost of Goods Sold,WOM-BOT-MAT XS-S
2968232000000368616,Womens Bottoms Maternity Medium,WOM-BOT-MAT M,8.00,0.00,0.00,8.00,Cost of Goods Sold,WOM-BOT-MAT M
2968232000000368627,Womens Bottoms Maternity Large-XL,WOM-BOT-MAT L-XL,5.00,0.00,0.00,5.00,Cost of Goods Sold,WOM-BOT-MAT L-XL
2968232000000368638,Womens Bottoms Maternity XXL+,WOM-BOT-MAT XXL,3.00,0.00,0.00,3.00,Cost of Goods Sold,WOM-BOT-MAT XXL
2968232000000462290,50-54 Short,MEN-SHT-50,0.00,0.00,0.00,0.00,Cost of Goods Sold,MEN-SHT-50
2968232000000462305,Mens Bottoms 31x30,MEN-BOT-31x30,109.00,0.00,0.00,109.00,Cost of Goods Sold,MEN-BOT-31x30
2968232000000462316,Mens Bottoms 31x32,MEN-BOT-31x32,86.00,0.00,0.00,86.00,Cost of Goods Sold,MEN-BOT-31x32
2968232000000462327,Mens Bottoms 31x34,MEN-BOT-31x34,15.00,1.00,0.00,16.00,Cost of Goods Sold,MEN-BOT-31x34
2968232000000462338,Mens Bottoms 33x30,MEN-BOT-33x30,78.00,1.00,3.00,76.00,Cost of Goods Sold,MEN-BOT-33x30
2968232000000462349,Mens Bottoms 33x32,MEN-BOT-33x32,73.00,2.00,0.00,75.00,Cost of Goods Sold,MEN-BOT-33x32
2968232000000462360,Mens Bottoms 33x33,MEN-BOT-33x33,4.00,0.00,0.00,4.00,Cost of Goods Sold,MEN-BOT-33x33
2968232000000462371,Mens Bottoms 33x34,MEN-BOT-33x34,0.00,0.00,0.00,0.00,Cost of Goods Sold,MEN-BOT-33x34
2968232000000462382,Mens Bottoms 33x36,MEN-BOT-33x36,0.00,0.00,0.00,0.00,Cost of Goods Sold,MEN-BOT-33x36
2968232000000462393,Mens Bottoms 34x29,MEN-BOT-34x29,12.00,0.00,0.00,12.00,Cost of Goods Sold,MEN-BOT-34x29
2968232000000462404,Mens Bottoms 36x29,MEN-BOT-36x29,24.00,0.00,0.00,24.00,Cost of Goods Sold,MEN-BOT-36x29
2968232000000462415,Mens Bottoms 44x29,MEN-BOT-44x29,-4.00,4.00,0.00,0.00,Cost of Goods Sold,MEN-BOT-44x29
2968232000000462426,Mens Bottoms 44x33,MEN-BOT-44x33,0.00,0.00,0.00,0.00,Cost of Goods Sold,MEN-BOT-44x33
2968232000000462437,Mens Bottoms 50 waist,MEN-BOT-50,10.00,1.00,0.00,11.00,Cost of Goods Sold,MEN-BOT-50
2968232000000462448,Mens Bottoms 28 waist,MEN-BOT-28,38.00,0.00,0.00,38.00,Cost of Goods Sold,MEN-BOT-28
2968232000000462459,Mens Bottom 29 waist,MEN-BOT-29,43.00,0.00,0.00,43.00,Cost of Goods Sold,MEN-BOT-29
2968232000000485789,Girls Pajamas 7,GRL-PJ-07,61.00,3.00,0.00,64.00,Cost of Goods Sold,GRL-PJ-07
2968232000000485996,Girls Pajamas 5,GRL-PJ-05,20.00,1.00,0.00,21.00,Cost of Goods Sold,GRL-PJ-05
2968232000000525007,Girls Pajamas 6,GRL-PJ-06,18.00,1.00,0.00,19.00,Cost of Goods Sold,GRL-PJ-06
2968232000000525018,Girls Pajamas 8,GRL-PJ-08,12.00,0.00,0.00,12.00,Cost of Goods Sold,GRL-PJ-08
2968232000000525029,Girls Pajamas Size 10-12,GRL-PJ-10,56.00,4.00,2.00,58.00,Cost of Goods Sold,GRL-PJ-10
2968232000000525040,Girls Pajamas Size 14-16,GRL-PJ-14,36.00,2.00,0.00,38.00,Cost of Goods Sold,GRL-PJ-14
2968232000000525051,Girls Pajamas 18-20,GRL-PJ-18,-1.00,2.00,0.00,1.00,Cost of Goods Sold,GRL-PJ-18
2968232000000525150,Accessories,ACC-ACC-ALL,5860.00,59.00,52.00,5867.00,Cost of Goods Sold,ACC-ACC-ALL
2968232000000525177,Boys Pajamas 5,BOY-PJ-05,75.00,4.00,0.00,79.00,Cost of Goods Sold,BOY-PJ-05
2968232000000525188,Boys Pajamas 6,BOY-PJ-06,68.00,2.00,1.00,69.00,Cost of Goods Sold,BOY-PJ-06
2968232000000525199,Boys Pajamas 7,BOY-PJ-07,9.00,1.00,0.00,10.00,Cost of Goods Sold,BOY-PJ-07
2968232000000525210,Boys Pajamas 8,BOY-PJ-08,22.00,2.00,5.00,19.00,Cost of Goods Sold,BOY-PJ-08
2968232000000525221,Boys Pajamas 10-12,BOY-PJ-10,24.00,3.00,0.00,27.00,Cost of Goods Sold,BOY-PJ-10
2968232000000525232,Boys Pajamas 14-16,BOY-PJ-14,7.00,3.00,1.00,9.00,Cost of Goods Sold,BOY-PJ-14
2968232000000525247,Boys Pajamas 18-20,BOY-PJ-18,1.00,0.00,0.00,1.00,Cost of Goods Sold,BOY-PJ-18
2968232000000546531,Mens Bottoms-Short 31,MEN-SHT-31,14.00,2.00,0.00,16.00,Cost of Goods Sold,MEN-SHT-31
2968232000000546550,Mens Bottoms-Short 33,MEN-SHT-33,10.00,1.00,0.00,11.00,Cost of Goods Sold,MEN-SHT-33
2968232000000546561,Mens Bottoms 42x38,MEN-BOT-42x38,5.00,0.00,0.00,5.00,Cost of Goods Sold,MEN-BOT-42x38
2968232000000546572,Mens Bottoms 30 waist pants,MEN-BOT-30,2.00,0.00,0.00,2.00,Cost of Goods Sold,MEN-BOT-30
2968232000000560375,Mens Athletic Shorts 2XL,MEN-SHT-ATH 2XL,10.00,0.00,0.00,10.00,Cost of Goods Sold,MEN-SHT-ATH 2XL
2968232000000560920,Boy/Men Shoe Sizes 3-9,MEN-SOC-3-9,1792.00,0.00,10.00,1782.00,Cost of Goods Sold,MEN-SOC-3-9
2968232000000560951,Toddler/Boy Shoe Sizes 10.5-4,BOY-SOC-10-4,-86.00,0.00,67.00,-153.00,Cost of Goods Sold,BOY-SOC-10-4
2968232000000560962,Toddler/Boy Shoe Sizes 9-2.5,BOY-SOC-9-2,1403.00,0.00,30.00,1373.00,Cost of Goods Sold,BOY-SOC-9-2
2968232000000560973,Boy Toddler Shoe Sizes 9-13,BOY-SOC-9-13,615.00,0.00,0.00,615.00,Cost of Goods Sold,BOY-SOC-9-13
2968232000000560984,Boy Socks (Infant Shoe Size 1-7),BOY-SOC-1-7,873.00,0.00,5.00,868.00,Cost of Goods Sold,BOY-SOC-1-7
2968232000000560995,Infant/Todd Shoe Sizes 4.5-8.5,BOY-SOC-4-8,975.00,0.00,1.00,974.00,Cost of Goods Sold,BOY-SOC-4-8
2968232000000570006,Boy/Men Shoe Sizes 3-10,MEN-SOC-3-10,4462.00,0.00,89.00,4373.00,Cost of Goods Sold,MEN-SOC-3-10
2968232000000570021,Mens Shoe Sizes 6-12,MEN-SOC-6-12,3728.00,0.00,136.00,3592.00,Cost of Goods Sold,MEN-SOC-6-12
2968232000000570036,Mens Shoe Sizes 12+,MEN-SOC-12+,634.00,0.00,7.00,627.00,Cost of Goods Sold,MEN-SOC-12+
2968232000000570397,Girl Socks (Infant Shoe Size 1-7),GRL-SOC-1-7,964.00,0.00,5.00,959.00,Cost of Goods Sold,GRL-SOC-1-7
2968232000000570424,Infant/Todd Shoe Sizes 5.5-8.5,GRL-SOC-5-8,758.00,0.00,10.00,748.00,Cost of Goods Sold,GRL-SOC-5-8
2968232000000570439,Girl Toddler Shoe Sizes 9-13,GRL-SOC-9-13,980.00,0.00,0.00,980.00,Cost of Goods Sold,GRL-SOC-9-13
2968232000000570450,Girl Inf/Todd Shoe Sizes 7-2,GRL-SOC-7-2,369.00,0.00,5.00,364.00,Cost of Goods Sold,GRL-SOC-7-2
2968232000000570461,Toddler/Girl Shoe Sizes 9-2.5,GRL-SOC-9-2,981.00,0.00,57.00,924.00,Cost of Goods Sold,GRL-SOC-9-2
2968232000000570472,Toddler/Girl Shoe Sizes 10.5-4,GRL-SOC-10-4,1492.00,0.00,30.00,1462.00,Cost of Goods Sold,GRL-SOC-10-4
2968232000000570483,Grl/Wom Shoe Sizes 3-9,WOM-SOC-3-9,3241.00,0.00,20.00,3221.00,Cost of Goods Sold,WOM-SOC-3-9
2968232000000570494,Grl/Wom Shoe Sizes 3-10,WOM-SOC-3-10,3618.00,0.00,179.00,3439.00,Cost of Goods Sold,WOM-SOC-3-10
2968232000000570505,Womens Socks (Shoe Sizes 10.5+),WOM-SOC-10.5+,256.00,0.00,10.00,246.00,Cost of Goods Sold,WOM-SOC-10.5+
2968232000000580220,Boy Inf/Todd Shoe Sizes 7-2,BOY-SOC-7-2,425.00,0.00,5.00,420.00,Cost of Goods Sold,BOY-SOC-7-2
2968232000000583552,Boys Underwear 6-7 (Small),BOY-UND-6,14.00,0.00,15.00,-1.00,Cost of Goods Sold,BOY-UND-6
2968232000000583563,Boys Underwear 6-8,BOY-UND-6-8,0.00,0.00,0.00,0.00,Cost of Goods Sold,BOY-UND-6-8
2968232000000671123,Womens Bras 34E,WOM-BRA-34E,1.00,0.00,0.00,1.00,Cost of Goods Sold,WOM-BRA-34E
2968232000000671134,Womens Bras 40E,WOM-BRA-40E,1.00,0.00,0.00,1.00,Cost of Goods Sold,WOM-BRA-40E
2968232000000754144,Girls Dress 5T,GRL-DRS-5T,54.00,2.00,6.00,50.00,Cost of Goods Sold,GRL-DRS-5T
2968232000000754155,Girls Dress 6,GRL-DRS-6,70.00,7.00,7.00,70.00,Cost of Goods Sold,GRL-DRS-6
2968232000000754166,Girls Dress 7,GRL-DRS-7,95.00,5.00,0.00,100.00,Cost of Goods Sold,GRL-DRS-7
2968232000000754177,Girls Dress 8,GRL-DRS-8,18.00,12.00,4.00,26.00,Cost of Goods Sold,GRL-DRS-8
2968232000000754188,Girls Dress 10-12,GRL-DRS-10,107.00,14.00,8.00,113.00,Cost of Goods Sold,GRL-DRS-10
2968232000000754199,Girls Dress 14-16,GRL-DRS-14,32.00,9.00,0.00,41.00,Cost of Goods Sold,GRL-DRS-14
2968232000000754210,Girls Dress 18-20,GRL-DRS-18,1.00,1.00,0.00,2.00,Cost of Goods Sold,GRL-DRS-18
2968232000000763949,Womens Dress XS,WOM-DRS-XS,41.00,0.00,0.00,41.00,Cost of Goods Sold,WOM-DRS-XS
2968232000000763960,Womens Dress Small,WOM-DRS-S,74.00,0.00,0.00,74.00,Cost of Goods Sold,WOM-DRS-S
2968232000000763971,Womens Dress Medium,WOM-DRS-M,42.00,0.00,1.00,41.00,Cost of Goods Sold,WOM-DRS-M
2968232000000763982,Womens Dress Large,WOM-DRS-L,23.00,0.00,1.00,22.00,Cost of Goods Sold,WOM-DRS-L
2968232000000763993,Womens Dress XL,WOM-DRS-XL,14.00,0.00,0.00,14.00,Cost of Goods Sold,WOM-DRS-XL
2968232000000768004,Womens Dress 2XL,WOM-DRS-2X,3.00,0.00,2.00,1.00,Cost of Goods Sold,WOM-DRS-2X
2968232000000768015,Womens Dress 3XL,WOM-DRS-3X,3.00,0.00,0.00,3.00,Cost of Goods Sold,WOM-DRS-3X
2968232000000768119,Womens Pajamas XS,WOM-PJ-XS,-1.00,14.00,0.00,13.00,Cost of Goods Sold,WOM-PJ-XS
2968232000000768130,Womens Pajamas Small,WOM-PJ-S,-9.00,65.00,0.00,56.00,Cost of Goods Sold,WOM-PJ-S
2968232000000768246,Womens Pajamas Medium,WOM-PJ-M,30.00,13.00,4.00,39.00,Cost of Goods Sold,WOM-PJ-M
2968232000000768257,Womens Pajamas Large,WOM-PJ-L,25.00,9.00,0.00,34.00,Cost of Goods Sold,WOM-PJ-L
2968232000000768302,Womens Pajamas XL,WOM-PJ-XL,-3.00,11.00,2.00,6.00,Cost of Goods Sold,WOM-PJ-XL
2968232000000768313,Womens Pajamas 2XL,WOM-PJ-2X,3.00,1.00,0.00,4.00,Cost of Goods Sold,WOM-PJ-2X
2968232000000768324,Womens Pajamas 3X,WOM-PJ-3X,2.00,0.00,0.00,2.00,Cost of Goods Sold,WOM-PJ-3X
2968232000001547175,Mens Pajamas Small,MEN-PJ-S,2.00,3.00,0.00,5.00,Cost of Goods Sold,MEN-PJ-S
2968232000001547270,Mens Pajamas Medium,MEN-PJ-Med,9.00,0.00,0.00,9.00,Cost of Goods Sold,MEN-PJ-Med
2968232000001547281,Mens Pajamas Large,MEN-PJ-L,13.00,3.00,2.00,14.00,Cost of Goods Sold,MEN-PJ-L
2968232000001547292,Mens Pajamas XL,MEN-PJ-XL,14.00,3.00,0.00,17.00,Cost of Goods Sold,MEN-PJ-XL
2968232000001547303,Mens Pajamas 2XL,MEN-PJ-2X,1.00,0.00,0.00,1.00,Cost of Goods Sold,MEN-PJ-2X
2968232000001547314,Mens Pajamas 3XL,MEN-PJ-3X,2.00,0.00,0.00,2.00,Cost of Goods Sold,MEN-PJ-3X
2968232000001547395,Mens Pajamas 4XL,MEN-PJ-4X,0.00,0.00,0.00,0.00,Cost of Goods Sold,MEN-PJ-4X
2968232000001889584,Girl Infant Socks 0-24 months,GRL-SOC-INFANT,35.00,0.00,5.00,30.00,Cost of Goods Sold,GRL-SOC-INFANT
2968232000001889695,Girl Toddler Socks 5.5-8.5,GRL-SOC-TOD5.5-8.5,10.00,0.00,0.00,10.00,Cost of Goods Sold,GRL-SOC-TOD5.5-8.5
2968232000001891466,Boy Infant Socks 0-24 months,BOY-SOC-INFANT,25.00,0.00,5.00,20.00,Cost of Goods Sold,BOY-SOC-INFANT
2968232000002832357,Girls Dress 2T,GRL-DRS-2T,24.00,0.00,0.00,24.00,Cost of Goods Sold,GRL-DRS-2T
2968232000002832368,Girls Dress 3T,GRL-DRS-3T,32.00,0.00,2.00,30.00,Cost of Goods Sold,GRL-DRS-3T
2968232000002832379,Girls Dress 4T,GRL-DRS-4T,19.00,0.00,0.00,19.00,Cost of Goods Sold,GRL-DRS-4T
2968232000002832390,Girls Dress 18 months,GRL-DRS-18m,16.00,0.00,0.00,16.00,Cost of Goods Sold,GRL-DRS-18m
2968232000002832401,Girls Dress 12 months,GRL-DRS-12m,34.00,0.00,0.00,34.00,Cost of Goods Sold,GRL-DRS-12m
2968232000002832412,Girls Dress 9-12 months,GRL-DRS-9mo,12.00,0.00,0.00,12.00,Cost of Goods Sold,GRL-DRS-9mo
2968232000002832423,Girls Dress 6-9 months,GRL-DRS-6mo,22.00,0.00,0.00,22.00,Cost of Goods Sold,GRL-DRS-6mo
2968232000002832434,Girls Dress 3-6 months,GRL-DRS-3mo,28.00,0.00,2.00,26.00,Cost of Goods Sold,GRL-DRS-3mo
2968232000002832445,Girls Dress 0-3 months,GRL-DRS-NB,7.00,0.00,0.00,7.00,Cost of Goods Sold,GRL-DRS-NB
2968232000002845943,Girl Newborn Jacket,GRL-JKT-NEW,1.00,0.00,0.00,1.00,Cost of Goods Sold,GRL-JKT-NEW
2968232000002876160,Boys-Tops-Newborn-Short-Sleeve,BOY-TSS-NEW,7.00,0.00,0.00,7.00,Cost of Goods Sold,BOY-TSS-NEW
2968232000002876571,Boys Bottoms-Short Newborn,BOY-SHT-NEW,2.00,0.00,0.00,2.00,Cost of Goods Sold,BOY-SHT-NEW
